,Unnamed: 0,id,rank,slug,name,symbol,category,rounds,tokenRole,totalTokensForSale,startDate,endDate,type,tokensForSale,values,ieoPlatformExchange,USD,ICO_price,raise,hardCap,date_1,price_1,sale_1,cumulative_realized_ROI_1,date_2,price_2,sale_2,cumulative_realized_ROI_2,date_3,price_3,sale_3,cumulative_realized_ROI_3,date_4,price_4,sale_4,cumulative_realized_ROI_4,date_5,price_5,sale_5,cumulative_realized_ROI_5,date_6,price_6,sale_6,cumulative_realized_ROI_6
25,25,2,53,eos,EOS,EOS,Blockchain infrastructure,"{'startDate': '2017-06-26', 'endDate': '2018-06-26', 'type': 'ICO', 'tokensForSale': 0, 'values': {'USD': {'price': 0.99, 'raise': 4196874404}, 'BTC': {'price': 0.000159543739775508}, 'ETH': {'price': 0.00326797}}}",,,2017-06-26,2018-06-26,ICO,0,"{'USD': {'price': 0.99, 'raise': 4196874404}, 'BTC': {'price': 0.000159543739775508}, 'ETH': {'price': 0.00326797}}",,"{'price': 0.99, 'raise': 4196874404}",0.99,4196874404.0,,2019-12-06 00:00:00+00:00,2.68048479,0.5009155951312501,0.5059753486174243,2020-01-05 00:00:00+00:00,2.64811831,0.5167968389359375,1.0279923576436236,2020-02-04 00:00:00+00:00,4.19835793,0.6891371298121841,1.724090468565022,2020-03-05 00:00:00+00:00,3.59136867,0.5790226893451517,2.3089618719439633,2020-04-04 00:00:00+00:00,2.33373945,0.37479207300855577,2.6875397234677565,2020-05-04 00:00:00+00:00,2.85508842,0.37698043660437763,3.0683280432701583
2,2,7,9,cardano,Cardano,ADA,Blockchain infrastructure,"{'endDate': '2018-01-01', 'type': 'ICO', 'tokensForSale': 0, 'values': {'USD': {'price': 0.02}}}",,,,2018-01-01,ICO,0,{'USD': {'price': 0.02}},,{'price': 0.02},0.02,,,2019-12-06 00:00:00+00:00,0.03751637,0.0070108716437500005,0.35054358218750004,2020-01-05 00:00:00+00:00,0.03435642,0.006704870090625,0.68578708671875,2020-02-04 00:00:00+00:00,0.05677491,0.009319286057810005,1.1517513896092502,2020-03-05 00:00:00+00:00,0.04899101,0.007898633911047406,1.5466830851616205,2020-04-04 00:00:00+00:00,0.03230014,0.005187312760671108,1.806048723195176,2020-05-04 00:00:00+00:00,0.04925665,0.006503754241933081,2.13123643529183
8,8,13,25,tron,TRON,TRX,Blockchain infrastructure,"{'startDate': '2017-08-31', 'endDate': '2017-09-02', 'type': 'ICO', 'tokensForSale': 0, 'values': {'USD': {'price': 0.0019, 'hardCap': 70000000, 'raise': 70000000}, 'BTC': {'price': 3.8e-07}, 'ETH': {'price': 4.8127e-06}}}",,,2017-08-31,2017-09-02,ICO,0,"{'USD': {'price': 0.0019, 'hardCap': 70000000, 'raise': 70000000}, 'BTC': {'price': 3.8e-07}, 'ETH': {'price': 4.8127e-06}}",,"{'price': 0.0019, 'hardCap': 70000000, 'raise': 70000000}",0.0019,70000000.0,70000000.0,2019-12-06 00:00:00+00:00,0.01446961,0.0027040083687500005,1.4231622993421056,2020-01-05 00:00:00+00:00,0.01343871,0.0026226482484375,2.8035034827302634,2020-02-04 00:00:00+00:00,0.01917514,0.003147492701592216,4.46007858883143,2020-03-05 00:00:00+00:00,0.01776218,0.00286372861637529,5.967304176397372,2020-04-04 00:00:00+00:00,0.01192834,0.0019156582694571482,6.9755453708485025,2020-05-04 00:00:00+00:00,0.01608756,0.0021241707788157123,8.093529991277824
50,50,21,115,omisego,OMG Network,OMG,Network,"{'startDate': '2017-06-23', 'endDate': '2017-06-23', 'type': 'ICO', 'tokensForSale': 0, 'values': {'USD': {'price': 0.35, 'hardCap': 25000000, 'raise': 25000000}, 'ETH': {'price': 0.001}}}",,,2017-06-23,2017-06-23,ICO,0,"{'USD': {'price': 0.35, 'hardCap': 25000000, 'raise': 25000000}, 'ETH': {'price': 0.001}}",,"{'price': 0.35, 'hardCap': 25000000, 'raise': 25000000}",0.35,25000000.0,25000000.0,2019-12-06 00:00:00+00:00,0.73621465,0.13758011271875,0.39308603633928574,2020-01-05 00:00:00+00:00,0.62815586,0.122588542053125,0.7433390136339286,2020-02-04 00:00:00+00:00,0.973217,0.1597481637456348,1.1997623386214566,2020-03-05 00:00:00+00:00,0.89729013,0.14466666943314976,1.6130956798590275,2020-04-04 00:00:00+00:00,0.55087332,0.0884687249760917,1.865863465505004,2020-05-04 00:00:00+00:00,0.73180906,0.09662667433250252,2.1419396778835824
51,51,24,116,icon,ICON,ICX,Blockchain infrastructure,"{'startDate': '2017-09-20', 'endDate': '2017-09-20', 'type': 'ICO', 'tokensForSale': 0, 'values': {'USD': {'price': 0.11, 'hardCap': 42800000, 'raise': 42750000}, 'BTC': {'price': 2.79340192188701e-05}, 'ETH': {'price': 0.0004, 'hardCap': 150000}}}",,,2017-09-20,2017-09-20,ICO,0,"{'USD': {'price': 0.11, 'hardCap': 42800000, 'raise': 42750000}, 'BTC': {'price': 2.79340192188701e-05}, 'ETH': {'price': 0.0004, 'hardCap': 150000}}",,"{'price': 0.11, 'hardCap': 42800000, 'raise': 42750000}",0.11,42750000.0,42800000.0,2019-12-06 00:00:00+00:00,0.1299301,0.0242806874375,0.22073352215909092,2020-01-05 00:00:00+00:00,0.11365997,0.0221814535203125,0.4223830996164773,2020-02-04 00:00:00+00:00,0.36565433,0.06002012684030426,0.968020616346516,2020-03-05 00:00:00+00:00,0.32549915,0.052478987965488076,1.4451023251236803,2020-04-04 00:00:00+00:00,0.24237184,0.03892424424350285,1.7989590909737063,2020-05-04 00:00:00+00:00,0.27466872,0.036266734599822145,2.1286566782448166
97,97,33,225,status,Status,SNT,Social Network,"{'startDate': '2017-06-20', 'endDate': '2017-06-20', 'type': 'ICO', 'tokensForSale': 0, 'values': {'USD': {'price': 0.037, 'hardCap': 90000000, 'raise': 107664907}, 'BTC': {'price': 1.4513e-05}, 'ETH': {'price': 0.0001}}}",,,2017-06-20,2017-06-20,ICO,0,"{'USD': {'price': 0.037, 'hardCap': 90000000, 'raise': 107664907}, 'BTC': {'price': 1.4513e-05}, 'ETH': {'price': 0.0001}}",,"{'price': 0.037, 'hardCap': 90000000, 'raise': 107664907}",0.037,107664907.0,90000000.0,2019-12-06 00:00:00+00:00,0.01065268,0.001990719575,0.05380323175675676,2020-01-05 00:00:00+00:00,0.00894189,0.0017450657203124998,0.10096717014358109,2020-02-04 00:00:00+00:00,0.01376899,0.002260103213499156,0.16205104077869342,2020-03-05 00:00:00+00:00,0.01611251,0.0025977586066931553,0.23226073285148136,2020-04-04 00:00:00+00:00,0.01756361,0.0028206669778041422,0.30849497549483657,2020-05-04 00:00:00+00:00,0.02054728,0.0027130237127410564,0.3818199407040543
12,12,36,36,waves,Waves,WAVES,Blockchain infrastructure,"{'endDate': '2018-05-31', 'type': 'ICO', 'tokensForSale': 0, 'values': {'USD': {'price': 0.188}, 'BTC': {'price': 2.50462646850506e-05}, 'ETH': {'price': 0.000328266346954022}}}",,,,2018-05-31,ICO,0,"{'USD': {'price': 0.188}, 'BTC': {'price': 2.50462646850506e-05}, 'ETH': {'price': 0.000328266346954022}}",,{'price': 0.188},0.188,,,2019-12-06 00:00:00+00:00,0.56058627,0.10475955920625002,0.5572316979055852,2020-01-05 00:00:00+00:00,0.94517838,0.184457468221875,1.5383884437666226,2020-02-04 00:00:00+00:00,0.98405388,0.1615269773922643,2.3975744937254753,2020-03-05 00:00:00+00:00,1.19850789,0.19323086138889303,3.4253982245174592,2020-04-04 00:00:00+00:00,0.9625209,0.154578182849444,4.247622601376204,2020-05-04 00:00:00+00:00,1.0673311,0.14092836539172074,4.9972415662257825
61,61,42,137,0x,0x Protocol,ZRX,Exchange token,"{'startDate': '2017-08-12', 'endDate': '2017-08-16', 'type': 'ICO', 'tokensForSale': 0, 'values': {'USD': {'price': 0.048, 'hardCap': 24000000, 'raise': 24000000}, 'BTC': {'price': 1.15574273953821e-05}, 'ETH': {'price': 0.000164301388566327}}}",,,2017-08-12,2017-08-16,ICO,0,"{'USD': {'price': 0.048, 'hardCap': 24000000, 'raise': 24000000}, 'BTC': {'price': 1.15574273953821e-05}, 'ETH': {'price': 0.000164301388566327}}",,"{'price': 0.048, 'hardCap': 24000000, 'raise': 24000000}",0.048,24000000.0,24000000.0,2019-12-06 00:00:00+00:00,0.23118912,0.0432034668,0.900072225,2020-01-05 00:00:00+00:00,0.18719176,0.0365316419125,1.6611480981770834,2020-02-04 00:00:00+00:00,0.23627285,0.03878287569005454,2.4691246750532194,2020-03-05 00:00:00+00:00,0.26234354,0.04229664955648437,3.350304874146644,2020-04-04 00:00:00+00:00,0.1555427,0.02497972555348794,3.8707158231776426,2020-05-04 00:00:00+00:00,0.20741802,0.027387080270955506,4.441279995489216
40,40,53,90,basic-attention-token,Basic Attention Token,BAT,Advertising,"{'endDate': '2017-05-31', 'type': 'ICO', 'tokensForSale': 0, 'values': {'USD': {'price': 0.04}, 'BTC': {'price': 1.83679535357469e-05}, 'ETH': {'price': 0.00018025}}}",,,,2017-05-31,ICO,0,"{'USD': {'price': 0.04}, 'BTC': {'price': 1.83679535357469e-05}, 'ETH': {'price': 0.00018025}}",,{'price': 0.04},0.04,,,2019-12-06 00:00:00+00:00,0.18597221,0.034753556743750004,0.8688389185937501,2020-01-05 00:00:00+00:00,0.18812964,0.03671467505625,1.786705795,2020-02-04 00:00:00+00:00,0.23375048,0.03836884266783332,2.7459268616958328,2020-03-05 00:00:00+00:00,0.23150062,0.03732396306098811,3.6790259382205357,2020-04-04 00:00:00+00:00,0.15011478,0.024108016679164117,4.2817263551996385,2020-05-04 00:00:00+00:00,0.18150184,0.02396515722889517,4.880855285922018
26,26,61,57,zilliqa,Zilliqa,ZIL,Blockchain infrastructure,"{'startDate': '2017-12-27', 'endDate': '2018-01-04', 'type': 'ICO', 'tokensForSale': 0, 'values': {'USD': {'price': 0.0038, 'hardCap': 22000000, 'raise': 22000000}, 'BTC': {'price': 2.57404651328021e-07}, 'ETH': {'price': 8.4656e-06}}}",,,2017-12-27,2018-01-04,ICO,0,"{'USD': {'price': 0.0038, 'hardCap': 22000000, 'raise': 22000000}, 'BTC': {'price': 2.57404651328021e-07}, 'ETH': {'price': 8.4656e-06}}",,"{'price': 0.0038, 'hardCap': 22000000, 'raise': 22000000}",0.0038,22000000.0,22000000.0,2019-12-06 00:00:00+00:00,0.00568031,0.00106150793125,0.27934419243421055,2020-01-05 00:00:00+00:00,0.00457847,0.0008935170359375001,0.5144802545230263,2020-02-04 00:00:00+00:00,0.00616615,0.00101213926583706,0.7808326929012,2020-03-05 00:00:00+00:00,0.00607929,0.000980140767644745,1.0387644738603434,2020-04-04 00:00:00+00:00,0.00395834,0.000635698408523148,1.206053528734856,2020-05-04 00:00:00+00:00,0.00610596,0.0008062193277673921,1.4182165097262753
36,36,64,83,loopring,Loopring,LRC,DeFi,"{'endDate': '2017-08-16', 'type': 'ICO', 'tokensForSale': 0, 'values': {'USD': {'price': 0.06}, 'BTC': {'price': 1.44606146369382e-05}, 'ETH': {'price': 0.000205575178768077}}}",,,,2017-08-16,ICO,0,"{'USD': {'price': 0.06}, 'BTC': {'price': 1.44606146369382e-05}, 'ETH': {'price': 0.000205575178768077}}",,{'price': 0.06},0.06,,,2019-12-06 00:00:00+00:00,0.02381036,0.004449561025,0.07415935041666667,2020-01-05 00:00:00+00:00,0.02195767,0.0042851765359375,0.14557895934895834,2020-02-04 00:00:00+00:00,0.02992075,0.0049113248847813,0.22743437409531334,2020-03-05 00:00:00+00:00,0.04078478,0.00657557470978059,0.3370272859249899,2020-04-04 00:00:00+00:00,0.02803525,0.00450238327368255,0.4120670071530324,2020-05-04 00:00:00+00:00,0.03458616,0.004566690686682432,0.4881785185977396
49,49,77,108,iostoken,IOStoken,IOST,Blockchain infrastructure,"{'endDate': '2018-01-03', 'type': 'ICO', 'tokensForSale': 0, 'values': {'USD': {'price': 0.01, 'hardCap': 31300000, 'raise': 31255000}, 'BTC': {'price': 6.7121099177042e-07}, 'ETH': {'price': 1.14396454044705e-05, 'hardCap': 35000}}}",,,,2018-01-03,ICO,0,"{'USD': {'price': 0.01, 'hardCap': 31300000, 'raise': 31255000}, 'BTC': {'price': 6.7121099177042e-07}, 'ETH': {'price': 1.14396454044705e-05, 'hardCap': 35000}}",,"{'price': 0.01, 'hardCap': 31300000, 'raise': 31255000}",0.01,31255000.0,31300000.0,2019-12-06 00:00:00+00:00,0.00582495,0.00108853753125,0.10885375312500001,2020-01-05 00:00:00+00:00,0.00486278,0.000949001909375,0.2037539440625,2020-02-04 00:00:00+00:00,0.00611695,0.00100406335917258,0.304160279979758,2020-03-05 00:00:00+00:00,0.00546927,0.000881789566915935,0.3923392366713515,2020-04-04 00:00:00+00:00,0.0031758,0.00051002465826276,0.44334170249762744,2020-05-04 00:00:00+00:00,0.00382379,0.0005048859480448081,0.4938302973021083
86,86,79,203,dent,Dent,DENT,Marketplace,"{'endDate': '2017-07-26', 'type': 'ICO', 'tokensForSale': 0, 'values': {'USD': {'price': 0.0006}, 'BTC': {'price': 2.39520666703835e-07}, 'ETH': {'price': 3.00089772487679e-06}}}",,,,2017-07-26,ICO,0,"{'USD': {'price': 0.0006}, 'BTC': {'price': 2.39520666703835e-07}, 'ETH': {'price': 3.00089772487679e-06}}",,{'price': 0.0006},0.0006,,,2019-12-06 00:00:00+00:00,0.00017764,3.3196475e-05,0.055327458333333336,2020-01-05 00:00:00+00:00,0.00017035,3.32448671875e-05,0.1107355703125,2020-02-04 00:00:00+00:00,0.00017991,2.9531226992004002e-05,0.15995428196584,2020-03-05 00:00:00+00:00,0.0001734,2.79566214327e-05,0.20654865102034,2020-04-04 00:00:00+00:00,0.00011694,1.8780239164068002e-05,0.23784904962712003,2020-05-04 00:00:00+00:00,0.00015144,1.9995849137088003e-05,0.2711754648556
7,7,85,24,chainlink,ChainLink,LINK,DeFi,"{'startDate': '2017-09-19', 'endDate': '2017-09-19', 'type': 'ICO', 'tokensForSale': 0, 'values': {'USD': {'price': 0.11, 'hardCap': 32000000, 'raise': 32000000}, 'BTC': {'price': 2.7857e-05}, 'ETH': {'price': 0.00038462}}}",,,2017-09-19,2017-09-19,ICO,0,"{'USD': {'price': 0.11, 'hardCap': 32000000, 'raise': 32000000}, 'BTC': {'price': 2.7857e-05}, 'ETH': {'price': 0.00038462}}",,"{'price': 0.11, 'hardCap': 32000000, 'raise': 32000000}",0.11,32000000.0,32000000.0,2019-12-06 00:00:00+00:00,2.01278329,0.37613887731875,3.419444339261364,2020-01-05 00:00:00+00:00,1.82482825,0.3561266381640625,6.656959231661932,2020-02-04 00:00:00+00:00,2.76840856,0.4544188849534041,10.788040003965603,2020-03-05 00:00:00+00:00,4.64358079,0.7486668410506805,17.594102195335427,2020-04-04 00:00:00+00:00,2.31121083,0.3711740392165564,20.968411642758667,2020-05-04 00:00:00+00:00,3.72812565,0.4922546094922619,25.44345354723378
60,60,86,136,bancor,Bancor,BNT,Blockchain Service,"{'endDate': '2017-06-12', 'type': 'ICO', 'tokensForSale': 0, 'values': {'USD': {'price': 3.92, 'raise': 153000000}, 'ETH': {'price': 0.01}}}",,,,2017-06-12,ICO,0,"{'USD': {'price': 3.92, 'raise': 153000000}, 'ETH': {'price': 0.01}}",,"{'price': 3.92, 'raise': 153000000}",3.92,153000000.0,,2019-12-06 00:00:00+00:00,0.2685991,0.0501944568125,0.012804708370535715,2020-01-05 00:00:00+00:00,0.22298867,0.043517632629687504,0.02390614526586416,2020-02-04 00:00:00+00:00,0.25307666,0.04154112774630771,0.034503371731758985,2020-03-05 00:00:00+00:00,0.27763222,0.044761585190657906,0.04592214346406968,2020-04-04 00:00:00+00:00,0.18320931,0.02942290626717868,0.053427986899574446,2020-05-04 00:00:00+00:00,0.20377915,0.02690661080747508,0.06029191822801197
72,72,87,171,polymath-network,Polymath,POLY,Blockchain Service,"{'endDate': '2018-01-13', 'type': 'ICO', 'tokensForSale': 0, 'values': {'USD': {'price': 0.4, 'raise': 96194697}, 'BTC': {'price': 2.82931876597472e-05}, 'ETH': {'price': 0.000301512115910897}}}",,,,2018-01-13,ICO,0,"{'USD': {'price': 0.4, 'raise': 96194697}, 'BTC': {'price': 2.82931876597472e-05}, 'ETH': {'price': 0.000301512115910897}}",,"{'price': 0.4, 'raise': 96194697}",0.4,96194697.0,,2019-12-06 00:00:00+00:00,0.0215138,0.0040203913750000006,0.0100509784375,2020-01-05 00:00:00+00:00,0.01747152,0.0034096763250000004,0.018575169250000002,2020-02-04 00:00:00+00:00,0.02635208,0.004325547530384352,0.02938903807596088,2020-03-05 00:00:00+00:00,0.02625079,0.004232314869315495,0.039969825249249614,2020-04-04 00:00:00+00:00,0.01923906,0.003089739593739132,0.047694174233597446,2020-05-04 00:00:00+00:00,0.02168561,0.0028633266376500723,0.05485249082772263
53,53,101,119,gnosis-gno,Gnosis,GNO,Blockchain infrastructure,"{'endDate': '2017-04-24', 'type': 'ICO', 'tokensForSale': 0, 'values': {'USD': {'price': 25.51}, 'BTC': {'price': 0.0193486657788529}, 'ETH': {'price': 0.486208229025296}}}",,,,2017-04-24,ICO,0,"{'USD': {'price': 25.51}, 'BTC': {'price': 0.0193486657788529}, 'ETH': {'price': 0.486208229025296}}",,{'price': 25.51},25.51,,,2019-12-06 00:00:00+00:00,13.34716992,2.4942523788,0.09777547545276362,2020-01-05 00:00:00+00:00,11.13268163,2.1726123993546875,0.1829425628441665,2020-02-04 00:00:00+00:00,14.32030764,2.350598941204875,0.2750867784931228,2020-03-05 00:00:00+00:00,16.56250284,2.670309238038631,0.3797637380399135,2020-04-04 00:00:00+00:00,10.12899608,1.626688634122689,0.44353044263115965,2020-05-04 00:00:00+00:00,20.17010195,2.6632218414678057,0.5479295740097486
57,57,105,131,wax,WAX,WAXP,Gaming,"{'startDate': '2017-11-15', 'endDate': '2017-11-29', 'type': 'ICO', 'tokensForSale': 0, 'values': {'USD': {'price': 0.32, 'hardCap': 9600000, 'raise': 9600000}, 'BTC': {'price': 2.8919e-05}, 'ETH': {'price': 0.00067, 'hardCap': 20000}}}",,,2017-11-15,2017-11-29,ICO,0,"{'USD': {'price': 0.32, 'hardCap': 9600000, 'raise': 9600000}, 'BTC': {'price': 2.8919e-05}, 'ETH': {'price': 0.00067, 'hardCap': 20000}}",,"{'price': 0.32, 'hardCap': 9600000, 'raise': 9600000}",0.32,9600000.0,9600000.0,2019-12-06 00:00:00+00:00,0.02283511,0.0042673111812500004,0.013335347441406251,2020-01-05 00:00:00+00:00,0.01739335,0.0033944209609374997,0.02394291294433594,2020-02-04 00:00:00+00:00,0.02419176,0.003970943004258144,0.036352109832642636,2020-03-05 00:00:00+00:00,0.046118,0.007435429453479,0.05958782687476452,2020-04-04 00:00:00+00:00,0.02972193,0.004773259396422846,0.0745042624885859,2020-05-04 00:00:00+00:00,0.03485237,0.004601840548005625,0.08888501420110348
32,32,112,74,enjin-coin,Enjin Coin,ENJ,Gaming,"{'startDate': '2017-10-03', 'endDate': '2017-11-01', 'type': 'ICO', 'tokensForSale': 0, 'values': {'USD': {'price': 0.0512, 'hardCap': 25000000, 'raise': 22959609}, 'BTC': {'price': 7.918e-06}, 'ETH': {'price': 0.00017}}}",,,2017-10-03,2017-11-01,ICO,0,"{'USD': {'price': 0.0512, 'hardCap': 25000000, 'raise': 22959609}, 'BTC': {'price': 7.918e-06}, 'ETH': {'price': 0.00017}}",,"{'price': 0.0512, 'hardCap': 25000000, 'raise': 22959609}",0.0512,22959609.0,25000000.0,2019-12-06 00:00:00+00:00,0.09364955,0.01750075965625,0.3418117120361328,2020-01-05 00:00:00+00:00,0.07716535,0.0150593003359375,0.6359386717224121,2020-02-04 00:00:00+00:00,0.11374042,0.018669858046722648,1.0005843366974638,2020-03-05 00:00:00+00:00,0.10553621,0.017015201098108005,1.3329124831448858,2020-04-04 00:00:00+00:00,0.08990144,0.014437921535779968,1.6149031381405883,2020-05-04 00:00:00+00:00,0.13646057,0.018017993732706267,1.9668170782325074
19,19,121,44,decentraland,Decentraland,MANA,VR,"{'startDate': '2017-08-17', 'endDate': '2017-08-19', 'type': 'ICO', 'tokensForSale': 0, 'values': {'USD': {'price': 0.024, 'hardCap': 20000000, 'raise': 24137000}, 'BTC': {'price': 5.806e-06}, 'ETH': {'price': 7.992e-05}}}",,,2017-08-17,2017-08-19,ICO,0,"{'USD': {'price': 0.024, 'hardCap': 20000000, 'raise': 24137000}, 'BTC': {'price': 5.806e-06}, 'ETH': {'price': 7.992e-05}}",,"{'price': 0.024, 'hardCap': 20000000, 'raise': 24137000}",0.024,24137000.0,20000000.0,2019-12-06 00:00:00+00:00,0.02464778,0.0046060538875,0.19191891197916666,2020-01-05 00:00:00+00:00,0.03555547,0.0069388721921875,0.48103858665364585,2020-02-04 00:00:00+00:00,0.03917157,0.006429795593925708,0.7489467364005504,2020-03-05 00:00:00+00:00,0.04723447,0.007615433658386535,1.0662564721666559,2020-04-04 00:00:00+00:00,0.02584623,0.004150832742342306,1.2392078364309187,2020-05-04 00:00:00+00:00,0.03524463,0.004653633811228776,1.4331092452321177
16,16,124,41,theta-token,Theta Token,THETA,Entertainment,"{'endDate': '2018-01-04', 'type': 'ICO', 'tokensForSale': 0, 'values': {'USD': {'price': 0.12, 'hardCap': 20000000, 'raise': 20000000}, 'BTC': {'price': 7.797e-06}, 'ETH': {'price': 0.0001587}}}",,,,2018-01-04,ICO,0,"{'USD': {'price': 0.12, 'hardCap': 20000000, 'raise': 20000000}, 'BTC': {'price': 7.797e-06}, 'ETH': {'price': 0.0001587}}",,"{'price': 0.12, 'hardCap': 20000000, 'raise': 20000000}",0.12,20000000.0,20000000.0,2019-12-06 00:00:00+00:00,0.07759274,0.0145001432875,0.12083452739583334,2020-01-05 00:00:00+00:00,0.09345972,0.01823924848125,0.2728282647395833,2020-02-04 00:00:00+00:00,0.10724277,0.01760330489756699,0.4195224722193083,2020-03-05 00:00:00+00:00,0.1317878,0.0212476449483759,0.5965861801224408,2020-04-04 00:00:00+00:00,0.07564979,0.012149146134013336,0.6978290645725519,2020-05-04 00:00:00+00:00,0.14429568,0.01905252673278874,0.8566001206791248
95,95,142,222,medibloc,MediBloc,MED,Healthcare,"{'startDate': '2017-11-13', 'endDate': '2017-12-15', 'type': 'ICO', 'tokensForSale': 0, 'values': {'USD': {'price': 0.0088, 'hardCap': 30000000, 'raise': 21271251}, 'BTC': {'price': 3.38e-07}, 'ETH': {'price': 1.269e-05}}}",,,2017-11-13,2017-12-15,ICO,0,"{'USD': {'price': 0.0088, 'hardCap': 30000000, 'raise': 21271251}, 'BTC': {'price': 3.38e-07}, 'ETH': {'price': 1.269e-05}}",,"{'price': 0.0088, 'hardCap': 30000000, 'raise': 21271251}",0.0088,21271251.0,30000000.0,2019-12-06 00:00:00+00:00,0.0031893,0.0005960004375,0.06772732244318182,2020-01-05 00:00:00+00:00,0.00311464,0.0006078414625,0.13680021590909092,2020-02-04 00:00:00+00:00,0.00312381,0.000512756056861164,0.19506794964331406,2020-03-05 00:00:00+00:00,0.00350225,0.000564654425678625,0.25923322528861237,2020-04-04 00:00:00+00:00,0.0025967,0.00041702280688674,0.30662218061665103,2020-05-04 00:00:00+00:00,0.00288307,0.00038067507112826406,0.349880711426681
69,69,147,166,telcoin,Telcoin,TEL,Mobile,"{'startDate': '2017-12-12', 'endDate': '2017-12-31', 'type': 'ICO', 'tokensForSale': 0, 'values': {'USD': {'price': 0.0013, 'hardCap': 25000000, 'raise': 25000000}, 'BTC': {'price': 9.6e-08}, 'ETH': {'price': 1.8165e-06}}}",,,2017-12-12,2017-12-31,ICO,0,"{'USD': {'price': 0.0013, 'hardCap': 25000000, 'raise': 25000000}, 'BTC': {'price': 9.6e-08}, 'ETH': {'price': 1.8165e-06}}",,"{'price': 0.0013, 'hardCap': 25000000, 'raise': 25000000}",0.0013,25000000.0,25000000.0,2019-12-06 00:00:00+00:00,0.00028445,5.315659375e-05,0.04088968750000001,2020-01-05 00:00:00+00:00,0.00035149,6.85954703125e-05,0.09365543389423077,2020-02-04 00:00:00+00:00,0.00023818,3.9095923767192004e-05,0.12372922140745539,2020-03-05 00:00:00+00:00,0.00014611,2.3556758693955e-05,0.14184980501819003,2020-04-04 00:00:00+00:00,0.00011471,1.8422107358562e-05,0.15602065683246846,2020-05-04 00:00:00+00:00,0.00028569,3.772196341768801e-05,0.18503755176915157
76,76,319,182,swissborg,SwissBorg,CHSB,Financial services,"{'startDate': '2017-12-07', 'endDate': '2018-01-10', 'type': 'ICO', 'tokensForSale': 0, 'values': {'USD': {'price': 0.1, 'hardCap': 50000000, 'raise': 50000000}, 'BTC': {'price': 6.833e-06}, 'ETH': {'price': 0.0002374}}}",,,2017-12-07,2018-01-10,ICO,0,"{'USD': {'price': 0.1, 'hardCap': 50000000, 'raise': 50000000}, 'BTC': {'price': 6.833e-06}, 'ETH': {'price': 0.0002374}}",,"{'price': 0.1, 'hardCap': 50000000, 'raise': 50000000}",0.1,50000000.0,50000000.0,2019-12-06 00:00:00+00:00,0.00821593,0.00153535191875,0.0153535191875,2020-01-05 00:00:00+00:00,0.01754772,0.00342454723125,0.0495989915,2020-02-04 00:00:00+00:00,0.02801053,0.004597772884199532,0.09557672034199531,2020-03-05 00:00:00+00:00,0.02183074,0.00351968704599597,0.13077359080195503,2020-04-04 00:00:00+00:00,0.02412791,0.003874875323491602,0.16952234403687103,2020-05-04 00:00:00+00:00,0.01607119,0.002122009315197288,0.1907424371888439
37,37,1195,84,huobi-token,Huobi Token,HT,Exchange token,"{'startDate': '2018-01-24', 'endDate': '2018-02-28', 'type': 'ICO', 'tokensForSale': 0, 'values': {'USD': {'price': 1.52, 'hardCap': 300000000, 'raise': 300000000}, 'BTC': {'price': 0.000143485144120043}, 'ETH': {'price': 0.0017478486187853}}}",,,2018-01-24,2018-02-28,ICO,0,"{'USD': {'price': 1.52, 'hardCap': 300000000, 'raise': 300000000}, 'BTC': {'price': 0.000143485144120043}, 'ETH': {'price': 0.0017478486187853}}",,"{'price': 1.52, 'hardCap': 300000000, 'raise': 300000000}",1.52,300000000.0,300000000.0,2019-12-06 00:00:00+00:00,2.81395918,0.5258586217625,0.34595961958059207,2020-01-05 00:00:00+00:00,2.89112047,0.5642202292234375,0.7171571388065378,2020-02-04 00:00:00+00:00,3.44452666,0.5653999148266877,1.0891307669819903,2020-03-05 00:00:00+00:00,4.63547375,0.7473597738752494,1.5808148287420227,2020-04-04 00:00:00+00:00,3.53629134,0.5679185660939158,1.9544454643301254,2020-05-04 00:00:00+00:00,4.20935374,0.5557950498525961,2.3201001023910437
70,70,1235,167,republic-protocol,Ren,REN,DeFi,"{'startDate': '2018-02-03', 'endDate': '2018-02-03', 'type': 'ICO', 'tokensForSale': 0, 'values': {'USD': {'price': 0.0571, 'hardCap': 34400000, 'raise': 34299022}, 'BTC': {'price': 6.36759437250711e-06}, 'ETH': {'price': 5.814e-05, 'hardCap': 35000}}}",,,2018-02-03,2018-02-03,ICO,0,"{'USD': {'price': 0.0571, 'hardCap': 34400000, 'raise': 34299022}, 'BTC': {'price': 6.36759437250711e-06}, 'ETH': {'price': 5.814e-05, 'hardCap': 35000}}",,"{'price': 0.0571, 'hardCap': 34400000, 'raise': 34299022}",0.0571,34299022.0,34400000.0,2019-12-06 00:00:00+00:00,0.0376695,0.007039487812500001,0.12328349934325747,2020-01-05 00:00:00+00:00,0.03540461,0.006909430920312501,0.2442892947953153,2020-02-04 00:00:00+00:00,0.0480296,0.00788379200675424,0.38235920734792894,2020-03-05 00:00:00+00:00,0.06571873,0.010595580482398066,0.5679210371622558,2020-04-04 00:00:00+00:00,0.05061107,0.008127997254569754,0.7102677491512184,2020-05-04 00:00:00+00:00,0.06439815,0.00850300906040388,0.8591820934665227
23,23,1258,50,tezos,Tezos,XTZ,Blockchain infrastructure,"{'startDate': '2017-07-01', 'endDate': '2017-07-14', 'type': 'ICO', 'tokensForSale': 0, 'values': {'USD': {'price': 0.47, 'raise': 230533089}, 'BTC': {'price': 0.0002}, 'ETH': {'price': 0.0023943156225908}}}",,,2017-07-01,2017-07-14,ICO,0,"{'USD': {'price': 0.47, 'raise': 230533089}, 'BTC': {'price': 0.0002}, 'ETH': {'price': 0.0023943156225908}}",,"{'price': 0.47, 'raise': 230533089}",0.47,230533089.0,,2019-12-06 00:00:00+00:00,1.28815509,0.24072398244375004,0.5121786860505321,2020-01-05 00:00:00+00:00,1.25315632,0.244561288075,1.0325218521675532,2020-02-04 00:00:00+00:00,1.99471077,0.3274206910803462,1.729161620423609,2020-03-05 00:00:00+00:00,3.08760341,0.4978025355691096,2.7883159514217146,2020-04-04 00:00:00+00:00,1.67796621,0.26947671227146186,3.3616706583822715,2020-05-04 00:00:00+00:00,2.74919128,0.36299797995164984,4.134006785938973
66,66,1546,151,ontology,Ontology,ONT,Blockchain infrastructure,"{'endDate': '2018-01-08', 'type': 'ICO', 'tokensForSale': 0, 'values': {'USD': {'price': 0.2}, 'BTC': {'price': 1.262e-05}}}",Utility,,,2018-01-08,ICO,0,"{'USD': {'price': 0.2}, 'BTC': {'price': 1.262e-05}}",,{'price': 0.2},0.2,,,2019-12-06 00:00:00+00:00,0.61093181,0.11416788199375,0.5708394099687499,2020-01-05 00:00:00+00:00,0.53044676,0.10352000050625,1.0884394124999999,2020-02-04 00:00:00+00:00,0.77909326,0.12788383029848474,1.7278585639924238,2020-03-05 00:00:00+00:00,0.71593144,0.11542689873037931,2.30499305764432,2020-04-04 00:00:00+00:00,0.38252667,0.06143272061941608,2.6121566607414004,2020-05-04 00:00:00+00:00,0.49089122,0.06481634163920415,2.9362383689374214
33,33,1572,78,synthetix,Synthetix,SNX,DeFi,"{'startDate': '2018-02-26', 'endDate': '2018-02-28', 'type': 'ICO', 'tokensForSale': 0, 'values': {'USD': {'price': 0.67, 'hardCap': 30000000, 'raise': 30000000}, 'BTC': {'price': 6.3333e-05}}}",,,2018-02-26,2018-02-28,ICO,0,"{'USD': {'price': 0.67, 'hardCap': 30000000, 'raise': 30000000}, 'BTC': {'price': 6.3333e-05}}",,"{'price': 0.67, 'hardCap': 30000000, 'raise': 30000000}",0.67,30000000.0,30000000.0,2019-12-06 00:00:00+00:00,1.23093251,0.23003051280625,0.3433291235914179,2020-01-05 00:00:00+00:00,1.15038612,0.22450504123125,0.6784112746828358,2020-02-04 00:00:00+00:00,1.15467624,0.18953368987668104,0.9612973789763896,2020-03-05 00:00:00+00:00,0.78581734,0.12669433615704329,1.1503934030913796,2020-04-04 00:00:00+00:00,0.66717498,0.10714644850934055,1.3103134754933803,2020-05-04 00:00:00+00:00,0.77157512,0.10187730914851142,1.462369160789666
42,42,2121,95,holo,Holo,HOT,Cloud Storage,"{'startDate': '2018-03-29', 'endDate': '2018-04-28', 'type': 'ICO', 'tokensForSale': 0, 'values': {'USD': {'price': 0.0002, 'hardCap': 20400000, 'raise': 20388500}, 'BTC': {'price': 2.16195928776056e-08}, 'ETH': {'price': 2.267e-07, 'hardCap': 30250}}}",,,2018-03-29,2018-04-28,ICO,0,"{'USD': {'price': 0.0002, 'hardCap': 20400000, 'raise': 20388500}, 'BTC': {'price': 2.16195928776056e-08}, 'ETH': {'price': 2.267e-07, 'hardCap': 30250}}",,"{'price': 0.0002, 'hardCap': 20400000, 'raise': 20388500}",0.0002,20388500.0,20400000.0,2019-12-06 00:00:00+00:00,0.00072942,0.00013631036250000002,0.6815518125000001,2020-01-05 00:00:00+00:00,0.00068151,0.0001330009359375,1.3465564921875,2020-02-04 00:00:00+00:00,0.00067098,0.00011013763930351199,1.89724468870506,2020-03-05 00:00:00+00:00,0.00063263,0.000101996524896015,2.407227313185135,2020-04-04 00:00:00+00:00,0.00032577,5.2317757076094e-05,2.6688160985656046,2020-05-04 00:00:00+00:00,0.00050624,6.684296531404801e-05,3.0030309251358447
38,38,2132,86,nexo,Nexo,NEXO,Financial services,"{'startDate': '2018-03-06', 'endDate': '2018-04-01', 'type': 'ICO', 'tokensForSale': 0, 'values': {'USD': {'price': 0.1, 'hardCap': 52500000, 'raise': 52500000}, 'BTC': {'price': 1.47284677397979e-05}, 'ETH': {'price': 0.000262606157083051}}}",,,2018-03-06,2018-04-01,ICO,0,"{'USD': {'price': 0.1, 'hardCap': 52500000, 'raise': 52500000}, 'BTC': {'price': 1.47284677397979e-05}, 'ETH': {'price': 0.000262606157083051}}",,"{'price': 0.1, 'hardCap': 52500000, 'raise': 52500000}",0.1,52500000.0,52500000.0,2019-12-06 00:00:00+00:00,0.09639624,0.01801404735,0.18014047349999998,2020-01-05 00:00:00+00:00,0.11298685,0.0220500899453125,0.40064137295312496,2020-02-04 00:00:00+00:00,0.1538037,0.025246022883164278,0.6531016017847676,2020-03-05 00:00:00+00:00,0.18315415,0.029529245878765573,0.9483940605724236,2020-04-04 00:00:00+00:00,0.10975278,0.017625991596727716,1.1246539765397006,2020-05-04 00:00:00+00:00,0.10864442,0.014345202270908786,1.2681059992487882
48,48,2234,106,iotex,IoTeX,IOTX,IOT,"{'endDate': '2018-02-15', 'type': 'ICO', 'tokensForSale': 0, 'values': {'USD': {'price': 0.007, 'raise': 14025000}, 'BTC': {'price': 7.152887226131e-07}, 'ETH': {'price': 1.25e-05}}}",,,,2018-02-15,ICO,0,"{'USD': {'price': 0.007, 'raise': 14025000}, 'BTC': {'price': 7.152887226131e-07}, 'ETH': {'price': 1.25e-05}}",,"{'price': 0.007, 'raise': 14025000}",0.007,14025000.0,,2019-12-06 00:00:00+00:00,0.0038677,0.0007227764375,0.10325377678571429,2020-01-05 00:00:00+00:00,0.00359093,0.0007007924328125,0.2033669814732143,2020-02-04 00:00:00+00:00,0.004221,0.0006928536998124,0.3023460814464143,2020-03-05 00:00:00+00:00,0.00398549,0.0006425653699758451,0.3941411343001065,2020-04-04 00:00:00+00:00,0.00218321,0.00035061746147926204,0.4442293430828582,2020-05-04 00:00:00+00:00,0.00260836,0.00034440288599587205,0.4934297553679828
17,17,3436,42,fantom,Fantom,FTM,Blockchain infrastructure,"{'startDate': '2018-06-15', 'endDate': '2018-06-15', 'type': 'ICO', 'tokensForSale': 0, 'values': {'USD': {'price': 0.0438}, 'ETH': {'price': 8.634e-05}}}",,,2018-06-15,2018-06-15,ICO,0,"{'USD': {'price': 0.0438}, 'ETH': {'price': 8.634e-05}}",,{'price': 0.0438},0.0438,,,2019-12-06 00:00:00+00:00,0.01405516,0.002626558025,0.059967078196347036,2020-01-05 00:00:00+00:00,0.01074029,0.0020960347203125,0.10782175217608449,2020-02-04 00:00:00+00:00,0.00965979,0.001585600862570676,0.14402268511148805,2020-03-05 00:00:00+00:00,0.00680802,0.00109763112944781,0.1690827565600682,2020-04-04 00:00:00+00:00,0.0032214,0.00051734789159508,0.180894352258586,2020-05-04 00:00:00+00:00,0.00471005,0.0006219060302967601,0.1950931200735805
71,71,3455,169,constellation,Constellation Labs,DAG,Blockchain infrastructure,"{'endDate': '2018-06-15', 'type': 'ICO', 'tokensForSale': 0, 'values': {'USD': {'price': 0.0345}, 'BTC': {'price': 5.27340705659903e-06}, 'ETH': {'price': 6.667e-05}}}",,,,2018-06-15,ICO,0,"{'USD': {'price': 0.0345}, 'BTC': {'price': 5.27340705659903e-06}, 'ETH': {'price': 6.667e-05}}",,{'price': 0.0345},0.0345,,,2019-12-06 00:00:00+00:00,0.01801778,0.0033670726375000003,0.09759630833333334,2020-01-05 00:00:00+00:00,0.01001983,0.0019554324484375002,0.15427550973731882,2020-02-04 00:00:00+00:00,0.01427394,0.002342987950698936,0.22218820396047642,2020-03-05 00:00:00+00:00,0.01498025,0.0024152086402376254,0.29219425150359596,2020-04-04 00:00:00+00:00,0.00728223,0.001169505909421506,0.32609297351581357,2020-05-04 00:00:00+00:00,0.01421666,0.0018771407065060323,0.380502849066713
31,31,3475,71,quant,Quant,QNT,Blockchain Service,"{'startDate': '2018-04-02', 'endDate': '2018-04-30', 'type': 'ICO', 'tokensForSale': 0, 'values': {'USD': {'price': 1.51, 'hardCap': 36900000, 'raise': 15000000}, 'BTC': {'price': 0.00017946}, 'ETH': {'price': 0.002325581, 'hardCap': 57000}}}",,,2018-04-02,2018-04-30,ICO,0,"{'USD': {'price': 1.51, 'hardCap': 36900000, 'raise': 15000000}, 'BTC': {'price': 0.00017946}, 'ETH': {'price': 0.002325581, 'hardCap': 57000}}",,"{'price': 1.51, 'hardCap': 36900000, 'raise': 15000000}",1.51,15000000.0,36900000.0,2019-12-06 00:00:00+00:00,5.00777755,0.9358284296562501,0.6197539269246689,2020-01-05 00:00:00+00:00,3.41423612,0.66630951779375,1.0610185082450332,2020-02-04 00:00:00+00:00,4.8706945600000005,0.7994974523933026,1.5904870197637766,2020-03-05 00:00:00+00:00,3.33961115,0.5384327834658241,1.9470650220590242,2020-04-04 00:00:00+00:00,5.02066461,0.8063047899638464,2.481041704154287,2020-05-04 00:00:00+00:00,4.86306687,0.6421100863450261,2.90628017193245
54,54,3841,121,ankr-network,Ankr Network,ANKR,Cloud Computing,"{'startDate': '2018-09-16', 'endDate': '2018-09-22', 'type': 'ICO', 'tokensForSale': 500000000, 'values': {'USD': {'price': 0.0066}, 'ETH': {'price': 2.876e-05}}}",Utility,,2018-09-16,2018-09-22,ICO,500000000,"{'USD': {'price': 0.0066}, 'ETH': {'price': 2.876e-05}}",,{'price': 0.0066},0.0066,,,2019-12-06 00:00:00+00:00,0.00181717,0.00033958364375,0.051452067234848485,2020-01-05 00:00:00+00:00,0.00142271,0.0002776507484375,0.09352036245265152,2020-02-04 00:00:00+00:00,0.00146935,0.00024118563937913998,0.1300636411464606,2020-03-05 00:00:00+00:00,0.00197042,0.00031768331028501,0.1781974760381288,2020-04-04 00:00:00+00:00,0.00143565,0.00023056140205143,0.21313102180349697,2020-05-04 00:00:00+00:00,0.0015602,0.00020600583613104002,0.24434402727789697
99,99,3910,229,origin-protocol,Origin Protocol,OGN,Protocol,"{'startDate': '2018-06-18', 'endDate': '2018-07-31', 'type': 'ICO', 'tokensForSale': 0, 'values': {'USD': {'price': 0.1364, 'raise': 6600000}}}",Utility,,2018-06-18,2018-07-31,ICO,0,"{'USD': {'price': 0.1364, 'raise': 6600000}}",,"{'price': 0.1364, 'raise': 6600000}",0.1364,6600000.0,,2020-01-09 00:00:00+00:00,0.23214601,0.04338228561875,0.31805194735153963,2020-02-08 00:00:00+00:00,0.21929824,0.04279742215,0.6318160393603373,2020-03-09 00:00:00+00:00,0.47348047,0.07771918868240087,1.2016048126917218,2020-04-08 00:00:00+00:00,0.26263729,0.04234400974994375,1.5120447668701955,2020-05-08 00:00:00+00:00,0.17233006,0.027675728937559332,1.7149460054153518,2020-06-07 00:00:00+00:00,0.23180855,0.03060755939307396,1.939341602138768
84,84,3917,201,keep-network,Keep network,KEEP,Blockchain Service,"{'type': 'ICO', 'tokensForSale': 0, 'values': {'USD': {'raise': 30000000}}}",,,,,ICO,0,{'USD': {'raise': 30000000}},,{'raise': 30000000},,30000000.0,,2020-05-19 00:00:00+00:00,0.88901975,0.16613556578125002,,2020-06-18 00:00:00+00:00,0.5459345,0.106542529765625,,2020-07-18 00:00:00+00:00,0.4898535,0.0804067305948954,,2020-08-17 00:00:00+00:00,1.52983445,0.24664938046916274,,2020-09-16 00:00:00+00:00,0.99377995,0.1595982994480549,,2020-10-16 00:00:00+00:00,0.60575227,0.0799823758938761,
80,80,3924,191,celer-network,Celer Network,CELR,Blockchain Service,"{'startDate': '2019-03-19', 'endDate': '2019-03-19', 'type': 'IEO', 'tokensForSale': 600000000, 'values': {'USD': {'price': 0.0067, 'raise': 4000000}, 'BNB': {'price': 0.000434}}, 'ieoPlatformExchange': {'id': 2, 'name': 'Binance', 'slug': 'binance'}}",,3300000000.0,2019-03-19,2019-03-19,IEO,600000000,"{'USD': {'price': 0.0067, 'raise': 4000000}, 'BNB': {'price': 0.000434}}","{'id': 2, 'name': 'Binance', 'slug': 'binance'}","{'price': 0.0067, 'raise': 4000000}",0.0067,4000000.0,,2019-12-06 00:00:00+00:00,0.00439937,0.00082213226875,0.12270630876865671,2020-01-05 00:00:00+00:00,0.00356287,0.0006953163484375001,0.2264848682369403,2020-02-04 00:00:00+00:00,0.00360325,0.0005914534692843,0.31476150544355225,2020-03-05 00:00:00+00:00,0.00358887,0.000578619838299735,0.40112267533903506,2020-04-04 00:00:00+00:00,0.00163098,0.000261930857463756,0.4402168331694464,2020-05-04 00:00:00+00:00,0.00197864,0.000261255856686528,0.47921024461519685
96,96,3946,223,coti,COTI,COTI,Protocol,"{'startDate': '2019-06-04', 'endDate': '2019-06-04', 'type': 'IEO', 'tokensForSale': 46152000, 'values': {'USD': {'price': 0.065, 'raise': 3000000}}, 'ieoPlatformExchange': {'id': 36, 'name': 'Kucoin', 'slug': 'kucoin'}}",Utility,,2019-06-04,2019-06-04,IEO,46152000,"{'USD': {'price': 0.065, 'raise': 3000000}}","{'id': 36, 'name': 'Kucoin', 'slug': 'kucoin'}","{'price': 0.065, 'raise': 3000000}",0.065,3000000.0,,2019-12-06 00:00:00+00:00,0.01011487,0.00189021633125,0.029080251249999998,2020-01-05 00:00:00+00:00,0.00954033,0.0018618550265625,0.05772417473557692,2020-02-04 00:00:00+00:00,0.01096171,0.001799303797623924,0.08540577162209882,2020-03-05 00:00:00+00:00,0.0268968,0.0043364686006404,0.15212067317041267,2020-04-04 00:00:00+00:00,0.01956015,0.0031413057558153296,0.20044845402911002,2020-05-04 00:00:00+00:00,0.02093349,0.002764018145488248,0.2429718101135446
30,30,3981,69,arweave,Arweave,AR,Cloud Storage,"{'startDate': '2018-06-03', 'endDate': '2018-06-06', 'type': 'ICO', 'tokensForSale': 0, 'values': {'USD': {'hardCap': 8700000, 'price': 0.72, 'raise': 8700000}}}",,,2018-06-03,2018-06-06,ICO,0,"{'USD': {'hardCap': 8700000, 'price': 0.72, 'raise': 8700000}}",,"{'hardCap': 8700000, 'price': 0.72, 'raise': 8700000}",0.72,8700000.0,8700000.0,2019-12-06 00:00:00+00:00,0.91651252,0.17127327717500002,0.23787955163194446,2020-01-05 00:00:00+00:00,0.59062256,0.115263683975,0.3979680015972223,2020-02-04 00:00:00+00:00,0.51637835,0.08476063736093874,0.5156911090429704,2020-03-05 00:00:00+00:00,0.67720653,0.10918342901362396,0.6673347604507816,2020-04-04 00:00:00+00:00,0.52483285,0.08428669782930927,0.7843996185470447,2020-05-04 00:00:00+00:00,0.50686121,0.06692498869916719,0.877350991740332
39,39,3995,89,celsius,Celsius,CEL,Financial services,"{'startDate': '2018-03-16', 'endDate': '2018-03-22', 'type': 'ICO', 'tokensForSale': 0, 'values': {'USD': {'price': 0.3, 'hardCap': 50000000, 'raise': 50000000}}}",,,2018-03-16,2018-03-22,ICO,0,"{'USD': {'price': 0.3, 'hardCap': 50000000, 'raise': 50000000}}",,"{'price': 0.3, 'hardCap': 50000000, 'raise': 50000000}",0.3,50000000.0,50000000.0,2019-12-06 00:00:00+00:00,0.07564261,0.01413571274375,0.04711904247916667,2020-01-05 00:00:00+00:00,0.14848783,0.028978328073437497,0.143713469390625,2020-02-04 00:00:00+00:00,0.16981475,0.0278741477896749,0.23662729535620802,2020-03-05 00:00:00+00:00,0.13481639,0.021735932976662296,0.3090804052784157,2020-04-04 00:00:00+00:00,0.07932213,0.012738913736987286,0.3515434510683733,2020-05-04 00:00:00+00:00,0.11982967,0.015822081375244584,0.4042837223191886
35,35,4023,81,blockstack,Stacks,STX,Blockchain infrastructure,"{'startDate': '2019-07-11', 'endDate': '2019-09-11', 'type': 'ICO', 'tokensForSale': 62000000, 'values': {'USD': {'price': 0.3, 'raise': 18600000}, 'BTC': {'price': 3.169e-05}, 'ETH': {'price': 0.001587}}}",Security,,2019-07-11,2019-09-11,ICO,62000000,"{'USD': {'price': 0.3, 'raise': 18600000}, 'BTC': {'price': 3.169e-05}, 'ETH': {'price': 0.001587}}",,"{'price': 0.3, 'raise': 18600000}",0.3,18600000.0,,2019-12-06 00:00:00+00:00,0.09299095,0.01737768378125,0.05792561260416667,2020-01-05 00:00:00+00:00,0.09438099,0.0184190400796875,0.11932241286979169,2020-02-04 00:00:00+00:00,0.10142975,0.0166491299593809,0.17481951273439467,2020-03-05 00:00:00+00:00,0.1478125,0.023831246283281253,0.2542570003453322,2020-04-04 00:00:00+00:00,0.09463102,0.015197478945952643,0.30491526349850767,2020-05-04 00:00:00+00:00,0.10643406,0.014053350546802512,0.3517597653211827
81,81,5323,192,nervos,Nervos Network,CKB,Blockchain infrastructure,"{'startDate': '2019-10-16', 'endDate': '2019-10-25', 'type': 'ICO', 'tokensForSale': 0, 'values': {'USD': {'price': 0.01, 'raise': 69487295}}}",Utility,,2019-10-16,2019-10-25,ICO,0,"{'USD': {'price': 0.01, 'raise': 69487295}}",,"{'price': 0.01, 'raise': 69487295}",0.01,69487295.0,,2019-12-06 00:00:00+00:00,0.00781062,0.0014596096125,0.14596096125000002,2020-01-05 00:00:00+00:00,0.00648889,0.0012663474390625,0.27259570515625003,2020-02-04 00:00:00+00:00,0.0063413,0.00104088916527372,0.376684621683622,2020-03-05 00:00:00+00:00,0.00774197,0.001248208330065285,0.5015054546901505,2020-04-04 00:00:00+00:00,0.00465076,0.000746899137118872,0.5761953684020377,2020-05-04 00:00:00+00:00,0.00440366,0.0005814508783084321,0.6343404562328809
10,10,5551,29,algorand,Algorand,ALGO,Blockchain infrastructure,"{'startDate': '2019-06-19', 'endDate': '2019-06-19', 'type': 'ICO', 'tokensForSale': 25000000, 'values': {'USD': {'price': 2.4, 'raise': 60402219}}}",Utility,,2019-06-19,2019-06-19,ICO,25000000,"{'USD': {'price': 2.4, 'raise': 60402219}}",,"{'price': 2.4, 'raise': 60402219}",2.4,60402219.0,,2019-12-06 00:00:00+00:00,0.26595659,0.04970063775625,0.020708599065104166,2020-01-05 00:00:00+00:00,0.23454881,0.0457736662015625,0.03978095998242188,2020-02-04 00:00:00+00:00,0.26269499,0.043119923180213564,0.05774759464084419,2020-03-05 00:00:00+00:00,0.39285744,0.06333890846078233,0.0841388064995035,2020-04-04 00:00:00+00:00,0.15881395,0.025505079216609692,0.09476592283975754,2020-05-04 00:00:00+00:00,0.20731776,0.027373842131530754,0.10617169039456203
0,0,5663,6,solana,Solana,SOL,Blockchain infrastructure,"{'startDate': '2020-03-23', 'endDate': '2020-03-24', 'type': 'ICO', 'tokensForSale': 8000000, 'values': {'USD': {'price': 0.22, 'raise': 1760000}}}",Utility,,2020-03-23,2020-03-24,ICO,8000000,"{'USD': {'price': 0.22, 'raise': 1760000}}",,"{'price': 0.22, 'raise': 1760000}",0.22,1760000.0,,2020-04-10 00:00:00+00:00,0.75910132,0.141857059175,0.6448048144318181,2020-05-10 00:00:00+00:00,0.6046755,0.11800620304687501,1.181196646463068,2020-06-09 00:00:00+00:00,0.66828269,0.10969489085218743,1.679809786700284,2020-07-09 00:00:00+00:00,0.79876866,0.12878242814258975,2.265184460075692,2020-08-08 00:00:00+00:00,2.08419903,0.3347165747299345,3.7866234361208484,2020-09-07 00:00:00+00:00,3.08004844,0.40668372914133155,5.635185841308719
90,90,6474,211,fetch-ai,Fetch AI,FET,Artificial Intelligence,"{'startDate': '2019-02-25', 'endDate': '2019-02-25', 'type': 'IEO', 'tokensForSale': 69205152, 'values': {'USD': {'price': 0.0867, 'raise': 6000000}, 'BTC': {'price': 2.28e-05}}, 'ieoPlatformExchange': {'id': 2, 'name': 'Binance', 'slug': 'binance'}}",Utility,230599515.0,2019-02-25,2019-02-25,IEO,69205152,"{'USD': {'price': 0.0867, 'raise': 6000000}, 'BTC': {'price': 2.28e-05}}","{'id': 2, 'name': 'Binance', 'slug': 'binance'}","{'price': 0.0867, 'raise': 6000000}",0.0867,6000000.0,,2019-12-06 00:00:00+00:00,0.05174482,0.0096698132375,0.11153187125144175,2020-01-05 00:00:00+00:00,0.04017094,0.007839610009375001,0.20195413202854676,2020-02-04 00:00:00+00:00,0.04085757,0.0067065431271841084,0.2793075706350532,2020-03-05 00:00:00+00:00,0.03640799,0.005869921531462095,0.3470113945273495,2020-04-04 00:00:00+00:00,0.0144341,0.00231807636495702,0.37374814614161733,2020-05-04 00:00:00+00:00,0.02014801,0.0026603048624705525,0.4044321699302051
6,6,6834,23,cosmos,Cosmos,ATOM,Blockchain infrastructure,"{'startDate': '2017-04-06', 'endDate': '2017-04-06', 'type': 'ICO', 'tokensForSale': 0, 'values': {'USD': {'price': 0.1}}}",Utility,,2017-04-06,2017-04-06,ICO,0,{'USD': {'price': 0.1}},,{'price': 0.1},0.1,,,2019-12-06 00:00:00+00:00,3.4826016,0.6508111740000001,6.50811174,2020-01-05 00:00:00+00:00,4.25313899,0.8300266560171875,14.808378300171876,2020-02-04 00:00:00+00:00,4.25236317,0.6980017899266727,21.7883961994386,2020-03-05 00:00:00+00:00,3.73898288,0.6028219660871187,27.81661586030979,2020-04-04 00:00:00+00:00,1.98577568,0.3189100581203161,31.00571644151295,2020-05-04 00:00:00+00:00,2.79106585,0.36852701841176894,34.690986625630636
45,45,7139,101,gatechain-token,GateToken,GT,Exchange token,"{'startDate': '2019-04-08', 'endDate': '2019-04-21', 'type': 'IEO', 'tokensForSale': 0, 'values': {'USD': {'price': 0.4, 'hardCap': 83000000, 'raise': 83000000}}, 'ieoPlatformExchange': {'id': 23, 'name': 'Gate.io', 'slug': 'gateio'}}",Utility,,2019-04-08,2019-04-21,IEO,0,"{'USD': {'price': 0.4, 'hardCap': 83000000, 'raise': 83000000}}","{'id': 23, 'name': 'Gate.io', 'slug': 'gateio'}","{'price': 0.4, 'hardCap': 83000000, 'raise': 83000000}",0.4,83000000.0,83000000.0,2019-12-06 00:00:00+00:00,0.37821334,0.0706786179125,0.17669654478125,2020-01-05 00:00:00+00:00,0.35389675,0.0690651626171875,0.34935945132421875,2020-02-04 00:00:00+00:00,0.43570068,0.07151784604330219,0.5281540664324742,2020-03-05 00:00:00+00:00,0.58098208,0.09366952750716624,0.7623278852003897,2020-04-04 00:00:00+00:00,0.42896137,0.06889000445310642,0.9345528963331559,2020-05-04 00:00:00+00:00,0.46498522,0.061395762744952946,1.0880423031955382
4,4,7159,18,matic-network,Polygon,MATIC,Blockchain infrastructure,"{'startDate': '2019-04-24', 'endDate': '2019-04-25', 'type': 'IEO', 'tokensForSale': 1900000000, 'values': {'USD': {'price': 0.00263, 'hardCap': 5000000, 'raise': 5000000}, 'BTC': {'price': 5e-07}, 'BNB': {'price': 0.000119}}, 'ieoPlatformExchange': {'id': 2, 'name': 'Binance', 'slug': 'binance'}}",Utility,3230000000.0,2019-04-24,2019-04-25,IEO,1900000000,"{'USD': {'price': 0.00263, 'hardCap': 5000000, 'raise': 5000000}, 'BTC': {'price': 5e-07}, 'BNB': {'price': 0.000119}}","{'id': 2, 'name': 'Binance', 'slug': 'binance'}","{'price': 0.00263, 'hardCap': 5000000, 'raise': 5000000}",0.00263,5000000.0,5000000.0,2019-12-06 00:00:00+00:00,0.03316475,0.00619766265625,2.356525724809886,2020-01-05 00:00:00+00:00,0.01483549,0.0028952385953125,3.4573769017347913,2020-02-04 00:00:00+00:00,0.02190554,0.0035956726925819764,4.824552830473185,2020-03-05 00:00:00+00:00,0.02519354,0.0040618584794093705,6.368985712377889,2020-04-04 00:00:00+00:00,0.01159055,0.00186141013377021,7.076746219514852,2020-05-04 00:00:00+00:00,0.01724768,0.0022773508138191362,7.942659076480302
1,1,7234,8,luna,Terra,LUNA,Blockchain infrastructure,"{'startDate': '2019-01-30', 'endDate': '2019-02-28', 'type': 'ICO', 'tokensForSale': 0, 'values': {'USD': {'hardCap': 72000000, 'price': 0.8, 'raise': 62000000}}}",Utility,,2019-01-30,2019-02-28,ICO,0,"{'USD': {'hardCap': 72000000, 'price': 0.8, 'raise': 62000000}}",,"{'hardCap': 72000000, 'price': 0.8, 'raise': 62000000}",0.8,62000000.0,72000000.0,2019-12-06 00:00:00+00:00,0.25031067,0.04677680645625001,0.058471008070312504,2020-01-05 00:00:00+00:00,0.2438425,0.047587387890625,0.11795524293359376,2020-02-04 00:00:00+00:00,0.20443995,0.03355768200591378,0.15990234544098597,2020-03-05 00:00:00+00:00,0.23635317,0.038106321211698886,0.20753524695560957,2020-04-04 00:00:00+00:00,0.14760625,0.02370515372935875,0.23716668911730804,2020-05-04 00:00:00+00:00,0.1950387,0.025752538438284244,0.2693573621651633
63,63,7374,147,ecomi,Ecomi,OMI,Blockchain Service,"{'startDate': '2019-05-12', 'endDate': '2019-05-14', 'type': 'IEO', 'tokensForSale': 780000, 'values': {'USD': {'price': 7.8e-05, 'raise': 780000}}, 'ieoPlatformExchange': {'id': 57, 'name': 'Bitforex', 'slug': 'bitforex'}}",Utility,10000000000.0,2019-05-12,2019-05-14,IEO,780000,"{'USD': {'price': 7.8e-05, 'raise': 780000}}","{'id': 57, 'name': 'Bitforex', 'slug': 'bitforex'}","{'price': 7.8e-05, 'raise': 780000}",7.8e-05,780000.0,,2019-12-06 00:00:00+00:00,3.458e-05,6.4621375e-06,0.08284791666666666,2020-01-05 00:00:00+00:00,3.834e-05,7.4822906250000005e-06,0.17877471955128207,2020-02-04 00:00:00+00:00,2.25e-05,3.6932499990000003e-06,0.22612407851282054,2020-03-05 00:00:00+00:00,4.435e-05,7.150381548675e-06,0.31779563682916667,2020-04-04 00:00:00+00:00,2.72e-05,4.36824444384e-06,0.3737987707245513,2020-05-04 00:00:00+00:00,2.613e-05,3.450155427576e-06,0.41803153261655135
28,28,7484,64,harmony,Harmony,ONE,Blockchain infrastructure,"{'startDate': '2019-05-27', 'endDate': '2019-05-29', 'type': 'IEO', 'tokensForSale': 1575000000, 'values': {'USD': {'price': 0.003175, 'raise': 5000000}}, 'ieoPlatformExchange': {'id': 2, 'name': 'Binance', 'slug': 'binance'}}",Utility,1575000000.0,2019-05-27,2019-05-29,IEO,1575000000,"{'USD': {'price': 0.003175, 'raise': 5000000}}","{'id': 2, 'name': 'Binance', 'slug': 'binance'}","{'price': 0.003175, 'raise': 5000000}",0.003175,5000000.0,,2019-12-06 00:00:00+00:00,0.00605323,0.00113119735625,0.3562826318897638,2020-01-05 00:00:00+00:00,0.00474785,0.0009265726015625,0.6481165221456693,2020-02-04 00:00:00+00:00,0.00571716,0.000938440051745904,0.9436881919868989,2020-03-05 00:00:00+00:00,0.00498255,0.000803317555475775,1.1967015952863558,2020-04-04 00:00:00+00:00,0.00447598,0.000718829954622756,1.4231047306006093,2020-05-04 00:00:00+00:00,0.00244677,0.000323066850192504,1.524858069243918
82,82,7505,196,chromia,Chromia,CHR,Blockchain Service,"{'startDate': '2019-05-28', 'endDate': '2019-05-28', 'type': 'IEO', 'tokensForSale': 40000000, 'values': {'USD': {'price': 0.05, 'raise': 2000000}, 'KCS': {'price': 0.0455}}, 'ieoPlatformExchange': {'id': 36, 'name': 'Kucoin', 'slug': 'kucoin'}}",Utility,219600000.0,2019-05-28,2019-05-28,IEO,40000000,"{'USD': {'price': 0.05, 'raise': 2000000}, 'KCS': {'price': 0.0455}}","{'id': 36, 'name': 'Kucoin', 'slug': 'kucoin'}","{'price': 0.05, 'raise': 2000000}",0.05,2000000.0,,2019-12-06 00:00:00+00:00,0.01425873,0.00266460016875,0.053292003375,2020-01-05 00:00:00+00:00,0.01522375,0.0029710099609375,0.11271220259374999,2020-02-04 00:00:00+00:00,0.01296174,0.002127597610757256,0.1552641548088951,2020-03-05 00:00:00+00:00,0.02094556,0.00337697284668918,0.22280361174267868,2020-04-04 00:00:00+00:00,0.01408124,0.002261408029131528,0.2680317723253092,2020-05-04 00:00:00+00:00,0.02410678,0.0031830133126054564,0.33169203857741836
85,85,7847,202,ultra,Ultra,UOS,Gaming,"{'startDate': '2019-07-16', 'endDate': '2019-07-17', 'type': 'IEO', 'tokensForSale': 100000000, 'values': {'USD': {'price': 0.05, 'hardCap': 5000000, 'raise': 5000000}}}",Utility,,2019-07-16,2019-07-17,IEO,100000000,"{'USD': {'price': 0.05, 'hardCap': 5000000, 'raise': 5000000}}",,"{'price': 0.05, 'hardCap': 5000000, 'raise': 5000000}",0.05,5000000.0,5000000.0,2019-12-06 00:00:00+00:00,0.04045473,0.0075599776687500005,0.151199553375,2020-01-05 00:00:00+00:00,0.05007194,0.009771852040625001,0.34663659418750004,2020-02-04 00:00:00+00:00,0.04734749,0.007771827439784556,0.5020731429831912,2020-03-05 00:00:00+00:00,0.05705686,0.009199060179691831,0.6860543465770277,2020-04-04 00:00:00+00:00,0.0401229,0.00644362628660838,0.8149268723091954,2020-05-04 00:00:00+00:00,0.04820177,0.006364469896068504,0.9422162702305655
21,21,7993,48,thor-chain,THORChain,RUNE,DeFi,"{'startDate': '2019-07-20', 'endDate': '2019-07-21', 'type': 'IEO', 'tokensForSale': 10000000, 'values': {'USD': {'price': 0.032, 'raise': 320000}, 'BNB': {'price': 0.00105}}, 'ieoPlatformExchange': {'id': 109, 'name': 'Binance Dex', 'slug': 'binance-dex'}}",Utility,150000000.0,2019-07-20,2019-07-21,IEO,10000000,"{'USD': {'price': 0.032, 'raise': 320000}, 'BNB': {'price': 0.00105}}","{'id': 109, 'name': 'Binance Dex', 'slug': 'binance-dex'}","{'price': 0.032, 'raise': 320000}",0.032,320000.0,,2019-12-06 00:00:00+00:00,0.09185296,0.0171650219,0.536406934375,2020-01-05 00:00:00+00:00,0.08649129,0.0168793158140625,1.0638855535644531,2020-02-04 00:00:00+00:00,0.11895529,0.019525849985490878,1.674068365611043,2020-03-05 00:00:00+00:00,0.08925525,0.014390283939625124,2.1237647387243284,2020-04-04 00:00:00+00:00,0.0750159,0.01204734516083298,2.500244275000359,2020-05-04 00:00:00+00:00,0.11441901,0.015107668135069753,2.9723589042212883
83,83,8025,199,wink-token,WINkLink,WIN,Blockchain Service,"{'startDate': '2019-07-24', 'endDate': '2019-07-30', 'type': 'IEO', 'tokensForSale': 49950000000, 'values': {'USD': {'price': 0.0001201, 'raise': 6000000}}, 'ieoPlatformExchange': {'id': 2, 'name': 'Binance', 'slug': 'binance'}}",Utility,199800000000.0,2019-07-24,2019-07-30,IEO,49950000000,"{'USD': {'price': 0.0001201, 'raise': 6000000}}","{'id': 2, 'name': 'Binance', 'slug': 'binance'}","{'price': 0.0001201, 'raise': 6000000}",0.0001201,6000000.0,,2019-12-06 00:00:00+00:00,0.00010183,1.9029481250000002e-05,0.1584469712739384,2020-01-05 00:00:00+00:00,9.115e-05,1.77884921875e-05,0.3065609778309742,2020-02-04 00:00:00+00:00,0.00011287,1.8526983439428e-05,0.4608239540127227,2020-03-05 00:00:00+00:00,0.00010226,1.648699024053e-05,0.5981011416940716,2020-04-04 00:00:00+00:00,8.245e-05,1.324124097039e-05,0.7083529399487759,2020-05-04 00:00:00+00:00,8.687e-05,1.1470149330024e-05,0.803857930207094
55,55,8276,123,swipe,Swipe,SXP,Financial services,"{'startDate': '2019-08-02', 'endDate': '2019-08-09', 'type': 'ICO', 'tokensForSale': 40425000, 'values': {'USD': {'price': 0.2, 'raise': 8085000}}}",Utility,,2019-08-02,2019-08-09,ICO,40425000,"{'USD': {'price': 0.2, 'raise': 8085000}}",,"{'price': 0.2, 'raise': 8085000}",0.2,8085000.0,,2019-12-06 00:00:00+00:00,1.14007303,0.21305114748125,1.06525573740625,2020-01-05 00:00:00+00:00,1.39720192,0.27267268720000004,2.42861917340625,2020-02-04 00:00:00+00:00,1.65860132,0.2722501921525066,3.7898701341687833,2020-03-05 00:00:00+00:00,1.18542492,0.19112154397536726,4.745477854045619,2020-04-04 00:00:00+00:00,0.81114909,0.1302682906440578,5.3968193072659085,2020-05-04 00:00:00+00:00,0.57806457,0.07632654472540706,5.778452030892944
13,13,8491,37,hedera-hashgraph,Hedera,HBAR,Blockchain infrastructure,"{'startDate': '2018-08-14', 'endDate': '2018-08-16', 'type': 'ICO', 'tokensForSale': 833333333, 'values': {'USD': {'price': 0.12, 'raise': 100000000}}}",Utility,14400000.0,2018-08-14,2018-08-16,ICO,833333333,"{'USD': {'price': 0.12, 'raise': 100000000}}",,"{'price': 0.12, 'raise': 100000000}",0.12,100000000.0,,2019-12-06 00:00:00+00:00,0.02263107,0.00422918120625,0.03524317671875,2020-01-05 00:00:00+00:00,0.0112552,0.002196522625,0.053547531927083336,2020-02-04 00:00:00+00:00,0.01611106,0.002644540992395064,0.07558537353037553,2020-03-05 00:00:00+00:00,0.04142452,0.00667871755289106,0.13124135313780105,2020-04-04 00:00:00+00:00,0.03374962,0.005420095222305564,0.17640881332368075,2020-05-04 00:00:00+00:00,0.0396481,0.0052350596022991205,0.2200343100095067
56,56,8773,126,kava,Kava,KAVA,DeFi,"{'startDate': '2019-10-23', 'endDate': '2019-10-24', 'type': 'IEO', 'tokensForSale': 6521739, 'values': {'USD': {'price': 0.46, 'hardCap': 3000000, 'raise': 3000000}, 'BNB': {'price': 0.0258}, 'BTC': {'price': 6.22e-05}}, 'ieoPlatformExchange': {'id': 2, 'name': 'Binance', 'slug': 'binance'}}",Utility,,2019-10-23,2019-10-24,IEO,6521739,"{'USD': {'price': 0.46, 'hardCap': 3000000, 'raise': 3000000}, 'BNB': {'price': 0.0258}, 'BTC': {'price': 6.22e-05}}","{'id': 2, 'name': 'Binance', 'slug': 'binance'}","{'price': 0.46, 'hardCap': 3000000, 'raise': 3000000}",0.46,3000000.0,3000000.0,2019-12-06 00:00:00+00:00,0.92430717,0.17272990239375,0.3754997878125,2020-01-05 00:00:00+00:00,1.03884928,0.2027379298,0.8162344178125001,2020-02-04 00:00:00+00:00,1.05109136,0.1725308073008404,1.1913013902056313,2020-03-05 00:00:00+00:00,0.92189922,0.1486342992655214,1.5144194320871993,2020-04-04 00:00:00+00:00,0.51105726,0.08207437634114316,1.6928419893505544,2020-05-04 00:00:00+00:00,0.57680714,0.07616051606335973,1.8584083286187274
44,44,10426,98,kadena,Kadena,KDA,Blockchain infrastructure,"{'startDate': '2019-11-04', 'endDate': '2019-11-22', 'type': 'ICO', 'tokensForSale': 20000000, 'values': {'USD': {'raise': 10000000, 'hardCap': 10000000, 'price': 0.5}}}",Utility,,2019-11-04,2019-11-22,ICO,20000000,"{'USD': {'raise': 10000000, 'hardCap': 10000000, 'price': 0.5}}",,"{'raise': 10000000, 'hardCap': 10000000, 'price': 0.5}",0.5,10000000.0,10000000.0,2020-06-01 00:00:00+00:00,0.30431976,0.056869755150000006,0.11373951030000001,2020-07-01 00:00:00+00:00,0.31856699,0.0621703391421875,0.23808018858437502,2020-07-31 00:00:00+00:00,0.32275915,0.05297912135176626,0.34403843128790756,2020-08-30 00:00:00+00:00,0.74225295,0.11967061551588698,0.5833796623196814,2020-09-29 00:00:00+00:00,0.347212,0.0557612827145064,0.6949022277486943,2020-10-29 00:00:00+00:00,0.19385718,0.02559653278804354,0.7460952933247813
92,92,20041,216,wazirx,WazirX,WRX,Exchange token,"{'startDate': '2020-02-03', 'endDate': '2020-02-04', 'type': 'IEO', 'tokensForSale': 100000000, 'values': {'BNB': {'price': 0.00108}, 'USD': {'hardCap': 2000000, 'price': 0.02, 'raise': 2000000}}, 'ieoPlatformExchange': {'id': 2, 'name': 'Binance', 'slug': 'binance'}}",Utility,,2020-02-03,2020-02-04,IEO,100000000,"{'BNB': {'price': 0.00108}, 'USD': {'hardCap': 2000000, 'price': 0.02, 'raise': 2000000}}","{'id': 2, 'name': 'Binance', 'slug': 'binance'}","{'hardCap': 2000000, 'price': 0.02, 'raise': 2000000}",0.02,2000000.0,2000000.0,2020-02-05 00:00:00+00:00,0.05672493,0.01060047129375,0.5300235646875,2020-03-06 00:00:00+00:00,0.1231879,0.024040888609375,1.73206799515625,2020-04-05 00:00:00+00:00,0.13695284,0.022480047830802097,2.856070386696355,2020-05-05 00:00:00+00:00,0.13536879,0.021824994324294494,3.9473201029110796,2020-06-04 00:00:00+00:00,0.13448408,0.021597769678122578,5.027208586817208,2020-07-04 00:00:00+00:00,0.14188167,0.018733785450594984,5.963897859346957
41,41,20620,94,celo,Celo,CELO,Financial services,"{'startDate': '2020-04-29', 'endDate': '2020-05-12', 'type': 'ICO', 'tokensForSale': 10000000, 'values': {'USD': {'price': 1, 'raise': 10000000}}}",Utility,122900000.0,2020-04-29,2020-05-12,ICO,10000000,"{'USD': {'price': 1, 'raise': 10000000}}",,"{'price': 1, 'raise': 10000000}",1.0,10000000.0,,2020-05-22 00:00:00+00:00,0.82714239,0.15457223413125,0.15457223413125,2020-06-21 00:00:00+00:00,1.7739,0.346187671875,0.50075990600625,2020-07-21 00:00:00+00:00,1.79608229,0.2948169295887297,0.7955768355949796,2020-08-20 00:00:00+00:00,2.56854377,0.4141165271696082,1.209693362764588,2020-09-19 00:00:00+00:00,2.03419359,0.3266858399710457,1.5363792027356336,2020-10-19 00:00:00+00:00,2.09521554,0.2766482689350394,1.813027471670673
62,62,20649,146,just,Just,JST,Exchange token,"{'startDate': '2020-05-05', 'endDate': '2020-05-05', 'type': 'IEO', 'tokensForSale': 396000000, 'values': {'USD': {'hardCap': 799920, 'price': 0.00202, 'raise': 799920}, 'TRX': {'price': 0.124}}, 'ieoPlatformExchange': {'id': 13, 'name': 'Poloniex', 'slug': 'poloniex'}}",Utility,1485000000.0,2020-05-05,2020-05-05,IEO,396000000,"{'USD': {'hardCap': 799920, 'price': 0.00202, 'raise': 799920}, 'TRX': {'price': 0.124}}","{'id': 13, 'name': 'Poloniex', 'slug': 'poloniex'}","{'hardCap': 799920, 'price': 0.00202, 'raise': 799920}",0.00202,799920.0,799920.0,2020-05-07 00:00:00+00:00,0.00994062,0.0018576533625000002,0.9196303774752476,2020-06-06 00:00:00+00:00,0.00740387,0.0014449115046875,1.6349331025680693,2020-07-06 00:00:00+00:00,0.00672077,0.0011031770575901882,2.181060358800836,2020-08-05 00:00:00+00:00,0.02191876,0.00353387817528378,3.930505000030429,2020-09-04 00:00:00+00:00,0.0565817,0.00908686384735374,8.42895244921545,2020-10-04 00:00:00+00:00,0.03331456,0.004398791044826112,10.606571778337287
46,46,21001,103,skale,Skale,SKL,Network,"{'startDate': '2020-09-03', 'endDate': '2020-09-05', 'type': 'ICO', 'tokensForSale': 167139884, 'values': {'USD': {'price': 0.03, 'raise': 5000000}}}",Utility,,2020-09-03,2020-09-05,ICO,167139884,"{'USD': {'price': 0.03, 'raise': 5000000}}",,"{'price': 0.03, 'raise': 5000000}",0.03,5000000.0,,2020-12-01 00:00:00+00:00,0.09226909,0.01724278619375,0.5747595397916667,2020-12-31 00:00:00+00:00,0.07727747,0.015081181254687501,1.0774655816145835,2021-01-30 00:00:00+00:00,0.13773072,0.02260773251121197,1.8310566653216491,2021-03-01 00:00:00+00:00,0.20906289,0.033706413329620544,2.9546037763090007,2021-03-31 00:00:00+00:00,0.80469162,0.12923123889961796,7.2623117396296,2021-04-30 00:00:00+00:00,0.66929653,0.08837263894516967,10.208066371135255
3,3,21076,10,avalanche,Avalanche,AVAX,Blockchain infrastructure,"{'startDate': '2020-07-15', 'endDate': '2020-07-15', 'type': 'ICO', 'tokensForSale': 6000000, 'values': {'USD': {'price': 0.5}}}",Utility,,2020-07-15,2020-07-15,ICO,6000000,{'USD': {'price': 0.5}},,{'price': 0.5},0.5,,,2020-09-22 00:00:00+00:00,6.1349684,1.1464722197500001,2.2929444395000003,2020-10-22 00:00:00+00:00,3.966266,0.7740415990625,3.8410276376250003,2020-11-21 00:00:00+00:00,3.71203785,0.6093103904800206,5.059648418585041,2020-12-21 00:00:00+00:00,3.31348289,0.5342202236416306,6.128088865868302,2021-01-20 00:00:00+00:00,11.78260601,1.8922537954830254,9.912596456834354,2021-02-19 00:00:00+00:00,41.06783086,5.422518160750179,20.757632778334713
75,75,21402,179,serum,Serum,SRM,Exchange token,"{'startDate': '2020-08-07', 'endDate': '2020-08-07', 'type': 'IEO', 'tokensForSale': 3000000, 'values': {'USD': {'price': 0.17, 'raise': 510000}}, 'ieoPlatformExchange': {'id': 84, 'name': 'AscendEX', 'slug': 'bitmax'}}",Utility,,2020-08-07,2020-08-07,IEO,3000000,"{'USD': {'price': 0.17, 'raise': 510000}}","{'id': 84, 'name': 'AscendEX', 'slug': 'bitmax'}","{'price': 0.17, 'raise': 510000}",0.17,510000.0,,2020-08-11 00:00:00+00:00,1.00018147,0.18690891220625003,1.0994641894485295,2020-09-10 00:00:00+00:00,2.45369259,0.47885344451718753,3.916249157196691,2020-10-10 00:00:00+00:00,1.3591185,0.2230917510562614,5.2285535751747,2020-11-09 00:00:00+00:00,1.11463909,0.17970901426308666,6.285665423781091,2020-12-09 00:00:00+00:00,1.07377325,0.17244500122266612,7.30004778391442,2021-01-08 00:00:00+00:00,1.40516916,0.18553585932018404,8.391435191680209
18,18,21407,43,sandbox,The Sandbox,SAND,Gaming,"{'startDate': '2020-08-06', 'endDate': '2020-08-13', 'type': 'IEO', 'tokensForSale': 360000000, 'values': {'USD': {'price': 0.008333, 'hardCap': 3000000, 'raise': 3000000}}, 'ieoPlatformExchange': {'id': 2, 'name': 'Binance', 'slug': 'binance'}}",Utility,,2020-08-06,2020-08-13,IEO,360000000,"{'USD': {'price': 0.008333, 'hardCap': 3000000, 'raise': 3000000}}","{'id': 2, 'name': 'Binance', 'slug': 'binance'}","{'price': 0.008333, 'hardCap': 3000000, 'raise': 3000000}",0.008333,3000000.0,3000000.0,2020-08-14 00:00:00+00:00,0.06777736,0.01266589415,1.5199680967238691,2020-09-13 00:00:00+00:00,0.04942435,0.0096454708046875,2.6774708933982363,2020-10-13 00:00:00+00:00,0.0472684,0.007758845255676961,3.6085695680264562,2020-11-12 00:00:00+00:00,0.04275423,0.006893101630660815,4.43577485191711,2020-12-12 00:00:00+00:00,0.04559757,0.007322843081070053,5.314551172698348,2021-01-11 00:00:00+00:00,0.04261493,0.005626794184281337,5.98979348450458
5,5,21422,20,near-protocol,Near Protocol,NEAR,Blockchain infrastructure,"{'startDate': '2020-08-11', 'endDate': '2020-08-13', 'type': 'ICO', 'tokensForSale': 25000000, 'values': {'USD': {'price': 0.4, 'hardCap': 10000000, 'raise': 10000000}}}",Utility,,2020-08-11,2020-08-13,ICO,25000000,"{'USD': {'price': 0.4, 'hardCap': 10000000, 'raise': 10000000}}",,"{'price': 0.4, 'hardCap': 10000000, 'raise': 10000000}",0.4,10000000.0,10000000.0,2020-10-14 00:00:00+00:00,2.18598748,0.40850641032500007,1.0212660258125001,2020-11-13 00:00:00+00:00,0.78943839,0.15406383579843752,1.4064256153085941,2020-12-13 00:00:00+00:00,0.91683772,0.15049381815436277,1.7826601606945007,2021-01-12 00:00:00+00:00,1.48491259,0.2394068001111884,2.381177160972472,2021-02-11 00:00:00+00:00,3.280862,0.5268973236215364,3.6984204700263126,2021-03-13 00:00:00+00:00,6.93029366,0.9150627740430365,5.986077405133903
88,88,21912,205,perpetual-protocol,Perpetual Protocol,PERP,DeFi,"{'startDate': '2020-09-09', 'endDate': '2020-09-12', 'type': 'ICO', 'tokensForSale': 7500000, 'values': {}}",Utility,,2020-09-09,2020-09-12,ICO,7500000,{},,,,,,2020-09-13 00:00:00+00:00,1.86692396,0.34888141502500003,,2020-10-13 00:00:00+00:00,1.07317328,0.209436472925,,2020-11-12 00:00:00+00:00,0.91258493,0.1497957463026629,,2020-12-12 00:00:00+00:00,1.31718973,0.21236548233362357,,2021-01-11 00:00:00+00:00,2.05142393,0.32945298471260726,,2021-02-10 00:00:00+00:00,7.48009961,0.9876581044106629,
15,15,23068,40,elrond-gold,Elrond,EGLD,Blockchain infrastructure,"{'startDate': '2019-07-10', 'endDate': '2019-07-10', 'type': 'IEO', 'tokensForSale': 5000000000, 'values': {'USD': {'price': 0.65, 'raise': 3250000}}, 'ieoPlatformExchange': {'id': 2, 'name': 'Binance', 'slug': 'binance'}}",Utility,8800000000.0,2019-07-10,2019-07-10,IEO,5000000000,"{'USD': {'price': 0.65, 'raise': 3250000}}","{'id': 2, 'name': 'Binance', 'slug': 'binance'}","{'price': 0.65, 'raise': 3250000}",0.65,3250000.0,,2020-09-03 00:00:00+00:00,19.67095514,3.6760097417875004,5.65539960275,2020-10-03 00:00:00+00:00,9.40625532,1.83568951479375,8.479537317817309,2020-11-02 00:00:00+00:00,7.72043016,1.2672657191422032,10.42917688572839,2020-12-02 00:00:00+00:00,9.30227667,1.4997706304811256,12.736516317237813,2021-01-01 00:00:00+00:00,24.69978119,3.9667162480618106,18.839156698871367,2021-01-31 00:00:00+00:00,64.92421072,8.572469115832222,32.027570723228635
27,27,25301,59,flow,Flow,FLOW,Blockchain infrastructure,"{'startDate': '2020-10-06', 'endDate': '2020-10-06', 'type': 'ICO', 'tokensForSale': 0, 'values': {'USD': {'price': 0.38}}}",Utility,25000000.0,2020-10-06,2020-10-06,ICO,0,{'USD': {'price': 0.38}},,{'price': 0.38},0.38,,,2021-01-27 00:00:00+00:00,6.8027371,1.2712614955625001,3.345424988322369,2021-02-26 00:00:00+00:00,20.38521556,3.97830222413125,13.814641367615131,2021-03-28 00:00:00+00:00,27.36883376,4.492442011411163,25.63685718711819,2021-04-27 00:00:00+00:00,30.01378802,4.839008704939138,38.371090621168555,2021-05-27 00:00:00+00:00,15.17833633,2.4375986522153426,44.78582391647208,2021-06-26 00:00:00+00:00,8.02375832,1.0594417649179522,47.57382856099301
65,65,25944,150,e-radix,e-Radix,EXRD,Protocol,"{'startDate': '2020-10-08', 'type': 'ICO', 'tokensForSale': 642000000, 'values': {'USD': {'price': 0.039, 'raise': 12700000}}}",Utility,,2020-10-08,,ICO,642000000,"{'USD': {'price': 0.039, 'raise': 12700000}}",,"{'price': 0.039, 'raise': 12700000}",0.039,12700000.0,,2020-11-17 00:00:00+00:00,0.23367788,0.043668553825000005,1.1197065083333335,2020-12-17 00:00:00+00:00,0.0791983,0.015456043234375,1.5160153092147437,2021-01-16 00:00:00+00:00,0.12767347,0.02095689079777007,2.0533714835165404,2021-02-15 00:00:00+00:00,0.16300089,0.026280012542809546,2.7272179589731955,2021-03-17 00:00:00+00:00,0.15836896,0.025433615058702914,3.379361934837373,2021-04-16 00:00:00+00:00,0.15105288,0.019944734549674176,3.890765384829018
94,94,26107,220,injective-protocol,Injective,INJ,Exchange token,"{'startDate': '2020-10-19', 'endDate': '2020-10-20', 'type': 'IEO', 'tokensForSale': 9000000, 'values': {'USD': {'price': 0.4, 'raise': 3600000}}, 'ieoPlatformExchange': {'id': 2, 'name': 'Binance', 'slug': 'binance'}}",Utility,,2020-10-19,2020-10-20,IEO,9000000,"{'USD': {'price': 0.4, 'raise': 3600000}}","{'id': 2, 'name': 'Binance', 'slug': 'binance'}","{'price': 0.4, 'raise': 3600000}",0.4,3600000.0,,2020-10-21 00:00:00+00:00,0.82271379,0.15374463950625,0.384361598765625,2020-11-20 00:00:00+00:00,1.3012833,0.253953569015625,1.0192455213046874,2020-12-20 00:00:00+00:00,3.13561973,0.514694558430528,2.305981917381007,2021-01-19 00:00:00+00:00,7.24800831,1.1685687685336432,5.227403838715115,2021-02-18 00:00:00+00:00,14.2687283,2.291518129306528,10.956199161981436,2021-03-20 00:00:00+00:00,12.88582217,1.7014194144127308,15.209747698013262
89,89,26124,209,persistence,Persistence,XPRT,DeFi,"{'startDate': '2021-03-31', 'endDate': '2021-03-31', 'type': 'IEO', 'tokensForSale': 1000000, 'values': {'USD': {'price': 0.4}}, 'ieoPlatformExchange': {'id': 84, 'name': 'AscendEX', 'slug': 'bitmax'}}",Utility,,2021-03-31,2021-03-31,IEO,1000000,{'USD': {'price': 0.4}},"{'id': 84, 'name': 'AscendEX', 'slug': 'bitmax'}",{'price': 0.4},0.4,,,2021-04-01 00:00:00+00:00,4.09502108,0.7652570643250002,1.9131426608125004,2021-05-01 00:00:00+00:00,9.59733617,1.8729801369265626,6.595593003128906,2021-05-31 00:00:00+00:00,11.63503635,1.909826577244554,11.370159446240292,2021-06-30 00:00:00+00:00,9.58152351,1.5447925347034888,15.232140782999014,2021-07-30 00:00:00+00:00,6.29268918,1.010588402475996,17.758611789189004,2021-08-29 00:00:00+00:00,8.27183067,1.09219676548374,20.489103702898355
22,22,26187,49,the-graph,The Graph,GRT,Data Service,"{'startDate': '2020-10-22', 'endDate': '2020-10-25', 'type': 'ICO', 'tokensForSale': 400000000, 'values': {'USD': {'price': 0.03, 'hardCap': 13000000, 'raise': 13000000}}}",Utility,,2020-10-22,2020-10-25,ICO,400000000,"{'USD': {'price': 0.03, 'hardCap': 13000000, 'raise': 13000000}}",,"{'price': 0.03, 'hardCap': 13000000, 'raise': 13000000}",0.03,13000000.0,13000000.0,2020-12-17 00:00:00+00:00,0.13980481,0.02612602386875,0.8708674622916667,2021-01-16 00:00:00+00:00,0.33781673,0.0659270462140625,3.0684356694270836,2021-02-15 00:00:00+00:00,2.18828542,0.3591948944545207,15.041598817911108,2021-03-17 00:00:00+00:00,1.71805732,0.27699583676423944,24.27479337671909,2021-04-16 00:00:00+00:00,2.12932526,0.34196372191629276,35.67358410726218,2021-05-16 00:00:00+00:00,1.31874994,0.1741252301227143,41.47775844468599
14,14,26233,38,filecoin,Filecoin,FIL,Cloud Storage,"{'startDate': '2017-08-10', 'endDate': '2017-09-08', 'type': 'ICO', 'tokensForSale': 0, 'values': {'BTC': {'price': 0.002002222}, 'USD': {'price': 5, 'hardCap': 40000000, 'raise': 257000000}}}",Utility,,2017-08-10,2017-09-08,ICO,0,"{'BTC': {'price': 0.002002222}, 'USD': {'price': 5, 'hardCap': 40000000, 'raise': 257000000}}",,"{'price': 5, 'hardCap': 40000000, 'raise': 257000000}",5.0,257000000.0,40000000.0,2020-10-15 00:00:00+00:00,160.53978979,30.000873217006248,6.00017464340125,2020-11-14 00:00:00+00:00,29.2382316,5.7060236356875,7.141379370538749,2020-12-14 00:00:00+00:00,30.07657078,4.936902000140375,8.128759770566825,2021-01-13 00:00:00+00:00,21.04830985,3.3935388135791262,8.80746753328265,2021-02-12 00:00:00+00:00,40.49277279,6.503026829249744,10.108072899132598,2021-03-14 00:00:00+00:00,49.3086612,6.510621701710147,11.410197239474629
67,67,26300,155,rally,Rally ,RLY,DeFi,"{'startDate': '2021-04-01', 'endDate': '2021-04-03', 'type': 'ICO', 'tokensForSale': 40000000, 'values': {'USD': {'price': 0.6}}}",Utility,,2021-04-01,2021-04-03,ICO,40000000,{'USD': {'price': 0.6}},,{'price': 0.6},0.6,,,2020-11-18 00:00:00+00:00,0.05521625,0.01031853671875,0.01719756119791667,2020-12-18 00:00:00+00:00,0.06445341,0.0125784857953125,0.038161704190104166,2021-01-17 00:00:00+00:00,0.40860947,0.06707097442972847,0.14994666157298495,2021-02-16 00:00:00+00:00,0.26723509,0.04308529552862465,0.22175548745402604,2021-03-18 00:00:00+00:00,1.00400354,0.1612401796029666,0.490489120125637,2021-04-17 00:00:00+00:00,0.99804382,0.13177980491893168,0.7101221283238566
9,9,26691,26,axie-infinity,Axie Infinity,AXS,Gaming,"{'startDate': '2020-10-27', 'endDate': '2020-11-04', 'type': 'IEO', 'tokensForSale': 29700000, 'values': {'USD': {'price': 0.1, 'hardCap': 2970000, 'raise': 2970000}}, 'ieoPlatformExchange': {'id': 2, 'name': 'Binance', 'slug': 'binance'}}",Utility,,2020-10-27,2020-11-04,IEO,29700000,"{'USD': {'price': 0.1, 'hardCap': 2970000, 'raise': 2970000}}","{'id': 2, 'name': 'Binance', 'slug': 'binance'}","{'price': 0.1, 'hardCap': 2970000, 'raise': 2970000}",0.1,2970000.0,2970000.0,2020-11-04 00:00:00+00:00,0.09960511,0.01861370493125,0.18613704931249997,2020-12-04 00:00:00+00:00,0.51176583,0.09987430026093749,1.184880051921875,2021-01-03 00:00:00+00:00,0.53738615,0.08820895102000506,2.0669695621219253,2021-02-02 00:00:00+00:00,1.00859365,0.1626117119519903,3.6930866816418275,2021-03-04 00:00:00+00:00,2.20135195,0.35353100825455325,7.228396764187361,2021-04-03 00:00:00+00:00,5.69077629,0.7513992615409228,14.74238937959659
98,98,29377,227,mask-network,Mask Network,MASK,Social,"{'startDate': '2021-02-20', 'endDate': '2021-02-24', 'type': 'ICO', 'tokensForSale': 0, 'values': {'USD': {'price': 0.95}}}",Utility,,2021-02-20,2021-02-24,ICO,0,{'USD': {'price': 0.95}},,{'price': 0.95},0.95,,,2021-02-24 00:00:00+00:00,35.85367383,6.70015529698125,7.052795049453947,2021-03-26 00:00:00+00:00,10.56846582,2.062502157684375,9.223849952279606,2021-04-25 00:00:00+00:00,12.82503801,2.105158738560332,11.439806519185217,2021-05-25 00:00:00+00:00,8.20813727,1.32336670314317,12.832824101441188,2021-06-24 00:00:00+00:00,3.80536234,0.6111306212684919,13.476119492250124,2021-07-24 00:00:00+00:00,3.85452897,0.508944663092018,14.011850716557513
74,74,29464,178,casper,Casper,CSPR,Blockchain infrastructure,"{'startDate': '2021-04-07', 'endDate': '2021-04-08', 'type': 'ICO', 'tokensForSale': 100000000, 'values': {'USD': {'price': 0.015, 'raise': 1500000}}}",,,2021-04-07,2021-04-08,ICO,100000000,"{'USD': {'price': 0.015, 'raise': 1500000}}",,"{'price': 0.015, 'raise': 1500000}",0.015,1500000.0,,2021-05-11 00:00:00+00:00,6.09091513,1.1382397649187501,75.88265099458334,2021-06-10 00:00:00+00:00,0.26836284,0.05237268549375,79.37416336083335,2021-07-10 00:00:00+00:00,0.08969872,0.014723546557791168,80.35573313135275,2021-08-09 00:00:00+00:00,0.14628036,0.02358422518776858,81.92801481053733,2021-09-08 00:00:00+00:00,0.11354931,0.018235703768726682,83.14372839511911,2021-10-08 00:00:00+00:00,0.11902295,0.01571556360308484,84.19143263532476
79,79,29958,187,illuvium,Illuvium,ILV,Gaming,"{'startDate': '2021-03-30', 'endDate': '2021-03-30', 'type': 'IDO', 'tokensForSale': 1000000, 'values': {'USD': {'price': 50}}}",,,2021-03-30,2021-03-30,IDO,1000000,{'USD': {'price': 50}},,{'price': 50},50.0,,,2021-03-31 00:00:00+00:00,69.18066397,12.928136579393751,0.258562731587875,2021-04-30 00:00:00+00:00,62.31193478,12.160563521909376,0.5017740020260625,2021-05-30 00:00:00+00:00,52.69480105,8.649558841120788,0.6747651788484782,2021-06-29 00:00:00+00:00,53.48424769,8.623061506817125,0.8472264089848208,2021-07-29 00:00:00+00:00,195.70748224,31.430078011499834,1.4758279692148175,2021-08-28 00:00:00+00:00,528.11396234,69.73116163589813,2.8704512019327795
58,58,50244,133,anchor-protocol,Anchor Protocol,ANC,DeFi,"{'startDate': '2021-03-17', 'endDate': '2021-03-16', 'type': 'IDO', 'tokensForSale': 0, 'values': {'USD': {'price': 0.05}}}",Utility,,2021-03-17,2021-03-16,IDO,0,{'USD': {'price': 0.05}},,{'price': 0.05},0.05,,,2021-03-17 00:00:00+00:00,4.40010111,0.82226889493125,16.445377898624997,2021-04-16 00:00:00+00:00,5.5854233,1.0900302658906251,38.2459832164375,2021-05-16 00:00:00+00:00,5.26285052,0.8638676745656511,55.52333670775052,2021-06-15 00:00:00+00:00,2.74197015,0.4420774017492136,64.36488474273479,2021-07-15 00:00:00+00:00,1.98127976,0.31818802585708267,70.72864525987644,2021-08-14 00:00:00+00:00,2.4457282,0.32292929290492467,77.18723111797495
43,43,78266,96,mina-protocol,Mina Protocol,MINA,Blockchain infrastructure,"{'startDate': '2021-04-13', 'endDate': '2021-04-16', 'type': 'ICO', 'tokensForSale': 75000000, 'values': {'USD': {'price': 0.25, 'raise': 18750000}}}",Utility,,2021-04-13,2021-04-16,ICO,75000000,"{'USD': {'price': 0.25, 'raise': 18750000}}",,"{'price': 0.25, 'raise': 18750000}",0.25,18750000.0,,2021-06-01 00:00:00+00:00,4.26,0.7960875000000001,3.1843500000000002,2021-07-01 00:00:00+00:00,1.51838968,0.29632323598750004,4.369642943950001,2021-07-31 00:00:00+00:00,1.49285081,0.24504316677953997,5.34981561106816,2021-08-30 00:00:00+00:00,2.89290531,0.4664121026085216,7.215464021502247,2021-09-29 00:00:00+00:00,3.94034944,0.6328091745613256,9.746700719747547,2021-10-29 00:00:00+00:00,4.66386585,0.6158079631023289,12.209932572156864
77,77,90594,183,metisdao,MetisDAO,METIS,Blockchain Service,"{'startDate': '2021-05-13', 'endDate': '2021-05-13', 'type': 'IDO', 'tokensForSale': 20000, 'values': {'USD': {'price': 5, 'raise': 100000}}}",Utility,,2021-05-13,2021-05-13,IDO,20000,"{'USD': {'price': 5, 'raise': 100000}}",,"{'price': 5, 'raise': 100000}",5.0,100000.0,,2021-05-14 00:00:00+00:00,10.89643259,2.03627084025625,0.40725416805125,2021-06-13 00:00:00+00:00,4.74949662,0.9268939497468751,0.592632958000625,2021-07-13 00:00:00+00:00,6.99355488,1.1479531801585086,0.8222235940323266,2021-08-12 00:00:00+00:00,6.24387277,1.0066758206737827,1.0235587581670833,2021-09-11 00:00:00+00:00,46.71982881,7.503074728545532,2.5241737038761896,2021-10-11 00:00:00+00:00,57.50736613,7.593163083774196,4.04280632063103
59,59,90739,134,radio-caca,Radio Caca,RACA,Non-Fungible Tokens (NFT),"{'startDate': '2021-08-27', 'endDate': '2021-08-27', 'type': 'IEO', 'tokensForSale': 100000000, 'values': {'USD': {'price': 0.000723554, 'raise': 72355}}, 'ieoPlatformExchange': {'id': 23, 'name': 'Gate.io', 'slug': 'gateio'}}",Utility,,2021-08-27,2021-08-27,IEO,100000000,"{'USD': {'price': 0.000723554, 'raise': 72355}}","{'id': 23, 'name': 'Gate.io', 'slug': 'gateio'}","{'price': 0.000723554, 'raise': 72355}",0.000723554,72355.0,,2021-09-29 00:00:00+00:00,0.00038924,7.2739225e-05,0.10053047180998241,2021-10-29 00:00:00+00:00,0.00259331,0.0005061006546875001,0.7999954111061512,2021-11-28 00:00:00+00:00,0.00510436,0.000837852336217584,1.9579633529841367,2021-12-28 00:00:00+00:00,0.00376282,0.0006066651341372101,2.796415125950923,2022-01-27 00:00:00+00:00,0.00181404,0.000291329784959688,3.1990523651337455,2022-02-26 00:00:00+00:00,0.00167673,0.00022139223536469602,3.50503123521766
68,68,100743,161,apenft,APENFT,NFT,Blockchain Service,"{'startDate': '2021-05-20', 'endDate': '2021-05-20', 'type': 'IEO', 'tokensForSale': 3999960000000, 'values': {'USD': {'price': 7.2e-08, 'raise': 288000}}, 'ieoPlatformExchange': {'id': 35, 'name': 'Huobi Global', 'slug': 'huobipro'}}",Utility,,2021-05-20,2021-05-20,IEO,3999960000000,"{'USD': {'price': 7.2e-08, 'raise': 288000}}","{'id': 35, 'name': 'Huobi Global', 'slug': 'huobipro'}","{'price': 7.2e-08, 'raise': 288000}",7.2e-08,288000.0,,2021-05-20 00:00:00+00:00,3.92e-06,7.3255e-07,10.174305555555556,2021-06-19 00:00:00+00:00,3.21e-06,6.264515625000001e-07,18.875021701388892,2021-07-19 00:00:00+00:00,1.908e-07,3.1318759991519996e-08,19.31000447904889,2021-08-18 00:00:00+00:00,2.267e-07,3.654997738635e-08,19.817643053859307,2021-09-17 00:00:00+00:00,4.17e-06,6.69690416574e-07,29.118898839609304,2021-10-17 00:00:00+00:00,3.29e-06,4.34405333208e-07,35.15230624527597
91,91,147914,215,floki-inu-new,Floki Inu,FLOKI,Meme,"{'startDate': '2021-09-16', 'endDate': '2021-09-16', 'type': 'IEO', 'tokensForSale': 2000000000, 'values': {'USD': {'price': 4.58e-05, 'raise': 91600}}, 'ieoPlatformExchange': {'id': 23, 'name': 'Gate.io', 'slug': 'gateio'}}",Utility,,2021-09-16,2021-09-16,IEO,2000000000,"{'USD': {'price': 4.58e-05, 'raise': 91600}}","{'id': 23, 'name': 'Gate.io', 'slug': 'gateio'}","{'price': 4.58e-05, 'raise': 91600}",4.58e-05,91600.0,,2021-07-12 00:00:00+00:00,3.66e-06,6.839625000000001e-07,0.01493367903930131,2021-08-11 00:00:00+00:00,6.969e-06,1.36004390625e-06,0.04462896083515284,2021-09-10 00:00:00+00:00,,,,2021-10-10 00:00:00+00:00,6.349e-05,1.0236250834845e-05,,2021-11-09 00:00:00+00:00,0.00025548,4.1029378327656e-05,,2021-12-09 00:00:00+00:00,0.00014992,1.9795151232384003e-05,
87,87,148780,204,coin-98,Coin98,C98,DeFi,"{'startDate': '2021-07-16', 'endDate': '2021-07-23', 'type': 'IEO', 'tokensForSale': 50000000, 'values': {'USD': {'price': 0.075, 'raise': 3750000}}, 'ieoPlatformExchange': {'id': 2, 'name': 'Binance', 'slug': 'binance'}}",,,2021-07-16,2021-07-23,IEO,50000000,"{'USD': {'price': 0.075, 'raise': 3750000}}","{'id': 2, 'name': 'Binance', 'slug': 'binance'}","{'price': 0.075, 'raise': 3750000}",0.075,3750000.0,,2021-07-23 00:00:00+00:00,0.79428815,0.14843259803125,1.9791013070833334,2021-08-22 00:00:00+00:00,2.77231033,0.5410336878390625,9.192883811604167,2021-09-21 00:00:00+00:00,3.31756223,0.544559409005775,16.45367593168117,2021-10-21 00:00:00+00:00,3.5408308,0.5708746610890675,24.065338079535397,2021-11-20 00:00:00+00:00,3.28953714,0.5282905270077325,31.10921177297184,2021-12-20 00:00:00+00:00,1.97589961,0.26089402081082286,34.587798717116144
52,52,162643,118,glimmer,Moonbeam,GLMR,Blockchain infrastructure,"{'startDate': '2021-09-07', 'endDate': '2021-09-10', 'type': 'ICO', 'tokensForSale': 100000000, 'values': {'USD': {'price': 0.25, 'raise': 24500000}}}",Utility,,2021-09-07,2021-09-10,ICO,100000000,"{'USD': {'price': 0.25, 'raise': 24500000}}",,"{'price': 0.25, 'raise': 24500000}",0.25,24500000.0,,2022-01-11 00:00:00+00:00,17.2374699,3.2212521875625004,12.885008750250002,2022-02-10 00:00:00+00:00,5.89076653,1.1496199056203125,17.48348837273125,2022-03-12 00:00:00+00:00,2.41732727,0.3967908416671188,19.07065173939973,2022-04-11 00:00:00+00:00,,,,2022-05-11 00:00:00+00:00,,,,2022-06-10 00:00:00+00:00,,,
20,20,162765,45,bit-dao,BitDAO,BIT,DeFi,"{'startDate': '2021-08-30', 'endDate': '2021-08-30', 'type': 'IDO', 'tokensForSale': 200000000, 'values': {'USD': {'hardCap': 400000000, 'price': 1.416, 'raise': 379261197}, 'SUSHI': {'price': 0.12, 'raise': 2511100}, 'ETH': {'price': 0.000379, 'raise': 112000}}}",Utility,,2021-08-30,2021-08-30,IDO,200000000,"{'USD': {'hardCap': 400000000, 'price': 1.416, 'raise': 379261197}, 'SUSHI': {'price': 0.12, 'raise': 2511100}, 'ETH': {'price': 0.000379, 'raise': 112000}}",,"{'hardCap': 400000000, 'price': 1.416, 'raise': 379261197}",1.416,379261197.0,400000000.0,2021-08-17 00:00:00+00:00,1.61967193,0.30267619191875,0.213754372823976,2021-09-16 00:00:00+00:00,1.71368179,0.3344357118296875,0.44993778513307736,2021-10-16 00:00:00+00:00,1.799703,0.2954112490200132,0.6585615485652901,2021-11-15 00:00:00+00:00,2.78877826,0.4496240950090185,0.9760926891083823,2021-12-15 00:00:00+00:00,1.80328351,0.2896023225450659,1.1806141033351236,2022-01-14 00:00:00+00:00,2.04185892,0.26960316246392924,1.3710118169395933
64,64,165915,149,immutable-x,Immutable X,IMX,Non-Fungible Tokens (NFT),"{'startDate': '2021-11-05', 'endDate': '2021-11-05', 'type': 'IEO', 'tokensForSale': 6000000, 'values': {'USD': {'price': 0.16, 'raise': 960000}}, 'ieoPlatformExchange': {'id': 35, 'name': 'Huobi Global', 'slug': 'huobipro'}}",Utility,,2021-11-05,2021-11-05,IEO,6000000,"{'USD': {'price': 0.16, 'raise': 960000}}","{'id': 35, 'name': 'Huobi Global', 'slug': 'huobipro'}","{'price': 0.16, 'raise': 960000}",0.16,960000.0,,2021-11-05 00:00:00+00:00,1.60210074,0.2993925757875,1.871203598671875,2021-12-05 00:00:00+00:00,5.81171757,1.1341930070203126,8.95990989254883,2022-01-04 00:00:00+00:00,4.54142065,0.7454489693809369,13.618965951179684,2022-02-03 00:00:00+00:00,2.95333233,0.4761545208463889,16.594931706469616,2022-03-05 00:00:00+00:00,1.31652293,0.21142992552060505,17.916368740973397,2022-04-04 00:00:00+00:00,,,
73,73,169902,172,aleph-zero,Aleph Zero,AZERO,Blockchain infrastructure,"{'startDate': '2021-10-05', 'endDate': '2021-10-07', 'type': 'ICO', 'tokensForSale': 100000000, 'values': {'USD': {'price': 0.1, 'raise': 10000000}}}",Utility,,2021-10-05,2021-10-07,ICO,100000000,"{'USD': {'price': 0.1, 'raise': 10000000}}",,"{'price': 0.1, 'raise': 10000000}",0.1,10000000.0,,2022-01-27 00:00:00+00:00,0.75106092,0.14035450942500002,1.40354509425,2022-02-26 00:00:00+00:00,1.0947681,0.213650837015625,3.5400534644062502,2022-03-28 00:00:00+00:00,1.758957452883,0.28872309382671923,6.427284402673443,2022-04-27 00:00:00+00:00,,,,2022-05-27 00:00:00+00:00,,,,2022-06-26 00:00:00+00:00,,,
29,29,172327,66,bittorrent-new,BitTorrent (new),BTT,Cloud Storage,"{'startDate': '2019-01-28', 'endDate': '2019-01-28', 'type': 'IEO', 'tokensForSale': 0, 'values': {'USD': {'price': 1.2e-07, 'raise': 7200000}}, 'ieoPlatformExchange': {'id': 2, 'name': 'Binance', 'slug': 'binance'}}",Utility,,2019-01-28,2019-01-28,IEO,0,"{'USD': {'price': 1.2e-07, 'raise': 7200000}}","{'id': 2, 'name': 'Binance', 'slug': 'binance'}","{'price': 1.2e-07, 'raise': 7200000}",1.2e-07,7200000.0,,2022-01-11 00:00:00+00:00,2.43310954328168e-06,4.5468734590076396e-07,3.7890612158397,2022-02-10 00:00:00+00:00,2.34e-06,4.5666562500000004e-07,7.5946080908397,2022-03-12 00:00:00+00:00,1.77e-06,2.90535666588e-07,10.0157386457397,2022-04-11 00:00:00+00:00,,,,2022-05-11 00:00:00+00:00,,,,2022-06-10 00:00:00+00:00,,,
34,34,173314,79,stepn,STEPN,GMT,Entertainment,"{'startDate': '2022-03-02', 'endDate': '2022-03-09', 'type': 'IEO', 'tokensForSale': 420000000, 'values': {'USD': {'price': 0.01, 'raise': 4200000}}, 'ieoPlatformExchange': {'id': 2, 'name': 'Binance', 'slug': 'binance'}}",,,2022-03-02,2022-03-09,IEO,420000000,"{'USD': {'price': 0.01, 'raise': 4200000}}","{'id': 2, 'name': 'Binance', 'slug': 'binance'}","{'price': 0.01, 'raise': 4200000}",0.01,4200000.0,,2022-03-09 00:00:00+00:00,0.16388415,0.030625850531250002,3.0625850531250003,2022-04-08 00:00:00+00:00,,,,2022-05-08 00:00:00+00:00,,,,2022-06-07 00:00:00+00:00,,,,2022-07-07 00:00:00+00:00,,,,2022-08-06 00:00:00+00:00,,,
93,93,173655,219,c2x,C2X,CTX,Gaming,"{'startDate': '2022-03-17', 'endDate': '2022-03-19', 'type': 'IEO', 'tokensForSale': 0, 'values': {'USD': {'price': 0.08}}, 'ieoPlatformExchange': {'id': 143, 'name': 'FTX Spot', 'slug': 'ftx-spot'}}",Utility,13400000.0,2022-03-17,2022-03-19,IEO,0,{'USD': {'price': 0.08}},"{'id': 143, 'name': 'FTX Spot', 'slug': 'ftx-spot'}",{'price': 0.08},0.08,,,,,,,,,,,,,,,,,,,,,,,,,,
